Workbook

Sheet README
B2: Fingerprint Device Inventory & Classification System
B3: Master Workbook — auto-classifies every device into its correct storage box
B5: 1) How to Use This Workbook — Overview
B7: This master workbook automatically inspects every device record and assigns it to the correct physical storage box, based on the fault keywords found in the form responses.
B10: The moment a row is entered on the "All Devices (Master)" sheet, its Assigned Box is calculated automatically by formula — and it instantly appears on the matching Box sheet too. No copy-pasting required.
B13: 2) Box Definitions
B14: Box W — Fully working units — zero faults, ready to deploy
B15: Box D1–D4 — Display-fault units, spread across 4 boxes by capacity
B16: Box S1 — Sensor fault / missing fingerprint sensor
B17: Box K1 — Keypad / keyboard faults
B18: Box P1 — Power-related issues (no supply, auto shut-off)
B19: Box U1 — Unclassified, needs manual inspection, or donor/scrap unit
... B68: Generated automatically from the Google Form response export. Prepared for internal office use — Component Testing & Sorting Unit.

Sheet Dashboard
B2: Inventory Dashboard
B4: Total Devices Logged: | C4: =COUNTIF('All Devices (Master)'!$B$3:$B$252,"<>") -> 144
B5: Devices Needing Attention (Notes flagged): | C5: =COUNTIF('All Devices (Master)'!$V$3:$V$252,"?*") -> 25
B6: Last Response Received: | C6: =MAX('All Devices (Master)'!$B$3:$B$252) -> 46246.49
B8: Box | C8: Description | D8: Count | E8: % of Total
B9: W | C9: Fully working | D9: =COUNTIF('All Devices (Master)'!$T$3:$T$252,$B9) -> 80 | E9: =IFERROR(D9/COUNTIF('All Devices (Master)'!$B$3:$B$252,"<>"),0) -> 0.55555556
B10: D1 | C10: Display fault - group 1 | D10: =COUNTIF('All Devices (Master)'!$T$3:$T$252,$B10) -> 7 | E10: =IFERROR(D10/COUNTIF('All Devices (Master)'!$B$3:$B$252,"<>"),0) -> 0.048611111
B11: D2 | C11: Display fault - group 2 | D11: =COUNTIF('All Devices (Master)'!$T$3:$T$252,$B11) -> 7 | E11: =IFERROR(D11/COUNTIF('All Devices (Master)'!$B$3:$B$252,"<>"),0) -> 0.048611111
B12: D3 | C12: Display fault - group 3 | D12: =COUNTIF('All Devices (Master)'!$T$3:$T$252,$B12) -> 7 | E12: =IFERROR(D12/COUNTIF('All Devices (Master)'!$B$3:$B$252,"<>"),0) -> 0.048611111
B13: D4 | C13: Display fault - group 4 | D13: =COUNTIF('All Devices (Master)'!$T$3:$T$252,$B13) -> 6 | E13: =IFERROR(D13/COUNTIF('All Devices (Master)'!$B$3:$B$252,"<>"),0) -> 0.041666667
B14: S1 | C14: Sensor fault or missing | D14: =COUNTIF('All Devices (Master)'!$T$3:$T$252,$B14) -> 26 | E14: =IFERROR(D14/COUNTIF('All Devices (Master)'!$B$3:$B$252,"<>"),0) -> 0.18055556
B15: K1 | C15: Keypad fault | D15: =COUNTIF('All Devices (Master)'!$T$3:$T$252,$B15) -> 3 | E15: =IFERROR(D15/COUNTIF('All Devices (Master)'!$B$3:$B$252,"<>"),0) -> 0.020833333
B16: P1 | C16: Power issues | D16: =COUNTIF('All Devices (Master)'!$T$3:$T$252,$B16) -> 4 | E16: =IFERROR(D16/COUNTIF('All Devices (Master)'!$B$3:$B$252,"<>"),0) -> 0.027777778
B17: U1 | C17: Unclassified, needs review, or donor unit | D17: =COUNTIF('All Devices (Master)'!$T$3:$T$252,$B17) -> 4 | E17: =IFERROR(D17/COUNTIF('All Devices (Master)'!$B$3:$B$252,"<>"),0) -> 0.027777778
B18: TOTAL | D18: =SUM(D9:D17) -> 144 | E18: =SUM(E9:E17) -> 1

Sheet Settings
B2: Settings & Configuration
B4: Display Box Capacity (units per D box): | C4: 7 | D4: ← edit this number to rebalance D1–D4
B6: Fault Classification Keywords
B7: Category | C7: Keyword (add new rows within a category block to sharpen matching)
B8: Sensor | C8: sensor
B9: Sensor | C9: finger print scanner
B10: Sensor | C10: fingerprint scanner
B11: Display | C11: display
B12: Keypad | C12: keypad
B13: Keypad | C13: key pad
B14: Keypad | C14: key board
B15: Keypad | C15: keyboard
B16: Keypad | C16: keys
B17: Power | C17: power
B18: Power | C18: turn on
... B24: Empty | C24: emty
B26: Model Name Standardization
B27: Original (as typed on form) | C27: Standardized Name
B28: X628 | C28: X628
B29: X-628 | C29: X628
B30: TX628 | C30: TX628
B31: X628-C | C31: X628-C
B32: X628 Plus | C32: X628 Plus
B33: Iclock3000 | C33: iClock3000
B34: iClock700 | C34: iClock700
B35: SlikFP 100TA | C35: SlikFP 100TA
B36: G1 | C36: G1
B37: K14 | C37: K14

Sheet All Devices (Master)
A1: All Devices — Master Data & Auto-Classification
A2: No. | B2: Timestamp | C2: Model Name (Original) | D2: Model Name (Standardized) | E2: Location | F2: Serial No | G2: Working Statement | H2: Fault (If any) | I2: Remark (Other Informations) | J2: Display Colour | K2: Combined Text | L2: Sensor Fault? | M2: Display Fault? | N2: Keypad Fault? | O2: Power Fault? | P2: Speaker Fault? | Q2: Empty / No Device? | R2: Needs Attention? | S2: Display Rank | T2: Assigned Box | U2: Sort Key | V2: Notes / QC Flags | W2: Score (Form) | X2: Email Address (Form)
A3: 1 | B3: 46239.469 | C3: X628 | D3: =IF($B3="","",IFERROR(VLOOKUP(TRIM($C3),ModelMap,2,FALSE()),TRIM($C3))) -> X628 | E3: Kandy 02 | F3: A5SA182160003 | G3: Working, No Power Supply | J3: Black & White | K3: =IF($B3="","",LOWER(TRIM($G3)&" | "&TRIM($H3)&" | "&TRIM($I3))) -> working, no power supply | | | L3: =IF($B3="","",SUMPRODUCT(--ISNUMBER(SEARCH(SensorKW,$K3)))>0) -> FALSE | M3: =IF($B3="","",SUMPRODUCT(--ISNUMBER(SEARCH(DisplayKW,$K3)))>0) -> FALSE | N3: =IF($B3="","",SUMPRODUCT(--ISNUMBER(SEARCH(KeypadKW,$K3)))>0) -> FALSE | O3: =IF($B3="","",SUMPRODUCT(--ISNUMBER(SEARCH(PowerKW,$K3)))>0) -> TRUE | P3: =IF($B3="","",SUMPRODUCT(--ISNUMBER(SEARCH(SpeakerKW,$K3)))>0) -> FALSE | Q3: =IF($B3="","",OR(SUMPRODUCT(--ISNUMBER(SEARCH(EmptyKW,$K3)))>0,LOWER(TRIM($F3))="empty")) -> FALSE | R3: =IF($B3="","",OR(ISNUMBER(SEARCH("repair",$G3)),ISNUMBER(SEARCH("not working",$G3)))) -> FALSE | S3: =IF(AND($B3<>"",$M3=TRUE(),$L3=FALSE(),$Q3=FALSE()),COUNTIFS($M$3:$M3,TRUE(),$L$3:$L3,FALSE(),$Q$3:$Q3,FALSE()),"") | T3: =IF($B3="","",IF($Q3=TRUE(),"U1",IF($L3=TRUE(),"S1",IF($M3=TRUE(),"D"&MIN(4,INT(($S3-1)/DisplayCapacity)+1),IF($N3=TRUE(),"K1",IF($O3=TRUE(),"P1",IF($P3=TRUE(),"U1",IF($R3=TRUE(),"U1","W")))))))) -> P1 | U3: =IF($T3="","",$T3&"-"&COUNTIF($T$3:T3,$T3)) -> P1-1 | V3: =IF($B3="","",_xlfn.TEXTJOIN(" | ",TRUE(),IF($Q3=TRUE(),"Empty box - no physical device, verify status",""),IF(AND($P3=TRUE(),$L3=FALSE(),$M3=FALSE(),$N3=FALSE(),$O3=FALSE(),$Q3=FALSE()),"Speaker fault only - needs manual box assignment",""),IF(AND($R3=TRUE(),$L3=FALSE(),$M3=FALSE(),$N3=FALSE(),$O3=FALSE(),$P3=FALSE(),$Q3=FALSE()),"No fault detail given - needs technician inspection",""),IF(AND(COUNTIF($F$3:$F$252,$F3)>1,LOWER(TRIM($F3))<>"empty"),"Duplicate Serial No - verify device identity",""),IF((--$L3+--$M3+--$N3+--$O3+--$P3)>1,"Multiple fault types detected - review full details before repair",""))) | W3: 0
A4: 2 | B4: 46239.476 | C4: X628 | D4: =IF($B4="","",IFERROR(VLOOKUP(TRIM($C4),ModelMap,2,FALSE()),TRIM($C4))) -> X628 | E4: Kandy 03 | F4: 6335173400003 | G4: Working | J4: Colour | K4: =IF($B4="","",LOWER(TRIM($G4)&" | "&TRIM($H4)&" | "&TRIM($I4))) -> working | | | L4: =IF($B4="","",SUMPRODUCT(--ISNUMBER(SEARCH(SensorKW,$K4)))>0) -> FALSE | M4: =IF($B4="","",SUMPRODUCT(--ISNUMBER(SEARCH(DisplayKW,$K4)))>0) -> FALSE | N4: =IF($B4="","",SUMPRODUCT(--ISNUMBER(SEARCH(KeypadKW,$K4)))>0) -> FALSE | O4: =IF($B4="","",SUMPRODUCT(--ISNUMBER(SEARCH(PowerKW,$K4)))>0) -> FALSE | P4: =IF($B4="","",SUMPRODUCT(--ISNUMBER(SEARCH(SpeakerKW,$K4)))>0) -> FALSE | Q4: =IF($B4="","",OR(SUMPRODUCT(--ISNUMBER(SEARCH(EmptyKW,$K4)))>0,LOWER(TRIM($F4))="empty")) -> FALSE | R4: =IF($B4="","",OR(ISNUMBER(SEARCH("repair",$G4)),ISNUMBER(SEARCH("not working",$G4)))) -> FALSE | S4: =IF(AND($B4<>"",$M4=TRUE(),$L4=FALSE(),$Q4=FALSE()),COUNTIFS($M$3:$M4,TRUE(),$L$3:$L4,FALSE(),$Q$3:$Q4,FALSE()),"") | T4: =IF($B4="","",IF($Q4=TRUE(),"U1",IF($L4=TRUE(),"S1",IF($M4=TRUE(),"D"&MIN(4,INT(($S4-1)/DisplayCapacity)+1),IF($N4=TRUE(),"K1",IF($O4=TRUE(),"P1",IF($P4=TRUE(),"U1",IF($R4=TRUE(),"U1","W")))))))) -> W | U4: =IF($T4="","",$T4&"-"&COUNTIF($T$3:T4,$T4)) -> W-1 | V4: =IF($B4="","",_xlfn.TEXTJOIN(" | ",TRUE(),IF($Q4=TRUE(),"Empty box - no physical device, verify status",""),IF(AND($P4=TRUE(),$L4=FALSE(),$M4=FALSE(),$N4=FALSE(),$O4=FALSE(),$Q4=FALSE()),"Speaker fault only - needs manual box assignment",""),IF(AND($R4=TRUE(),$L4=FALSE(),$M4=FALSE(),$N4=FALSE(),$O4=FALSE(),$P4=FALSE(),$Q4=FALSE()),"No fault detail given - needs technician inspection",""),IF(AND(COUNTIF($F$3:$F$252,$F4)>1,LOWER(TRIM($F4))<>"empty"),"Duplicate Serial No - verify device identity",""),IF((--$L4+--$M4+--$N4+--$O4+--$P4)>1,"Multiple fault types detected - review full details before repair",""))) | W4: 0
A5: 3 | B5: 46239.482 | C5: X628 | D5: =IF($B5="","",IFERROR(VLOOKUP(TRIM($C5),ModelMap,2,FALSE()),TRIM($C5))) -> X628 | E5: Kandy - KCC | F5: 6006144100022 | G5: Working | J5: Black & White | K5: =IF($B5="","",LOWER(TRIM($G5)&" | "&TRIM($H5)&" | "&TRIM($I5))) -> working | | | L5: =IF($B5="","",SUMPRODUCT(--ISNUMBER(SEARCH(SensorKW,$K5)))>0) -> FALSE | M5: =IF($B5="","",SUMPRODUCT(--ISNUMBER(SEARCH(DisplayKW,$K5)))>0) -> FALSE | N5: =IF($B5="","",SUMPRODUCT(--ISNUMBER(SEARCH(KeypadKW,$K5)))>0) -> FALSE | O5: =IF($B5="","",SUMPRODUCT(--ISNUMBER(SEARCH(PowerKW,$K5)))>0) -> FALSE | P5: =IF($B5="","",SUMPRODUCT(--ISNUMBER(SEARCH(SpeakerKW,$K5)))>0) -> FALSE | Q5: =IF($B5="","",OR(SUMPRODUCT(--ISNUMBER(SEARCH(EmptyKW,$K5)))>0,LOWER(TRIM($F5))="empty")) -> FALSE | R5: =IF($B5="","",OR(ISNUMBER(SEARCH("repair",$G5)),ISNUMBER(SEARCH("not working",$G5)))) -> FALSE | S5: =IF(AND($B5<>"",$M5=TRUE(),$L5=FALSE(),$Q5=FALSE()),COUNTIFS($M$3:$M5,TRUE(),$L$3:$L5,FALSE(),$Q$3:$Q5,FALSE()),"") | T5: =IF($B5="","",IF($Q5=TRUE(),"U1",IF($L5=TRUE(),"S1",IF($M5=TRUE(),"D"&MIN(4,INT(($S5-1)/DisplayCapacity)+1),IF($N5=TRUE(),"K1",IF($O5=TRUE(),"P1",IF($P5=TRUE(),"U1",IF($R5=TRUE(),"U1","W")))))))) -> W | U5: =IF($T5="","",$T5&"-"&COUNTIF($T$3:T5,$T5)) -> W-2 | V5: =IF($B5="","",_xlfn.TEXTJOIN(" | ",TRUE(),IF($Q5=TRUE(),"Empty box - no physical device, verify status",""),IF(AND($P5=TRUE(),$L5=FALSE(),$M5=FALSE(),$N5=FALSE(),$O5=FALSE(),$Q5=FALSE()),"Speaker fault only - needs manual box assignment",""),IF(AND($R5=TRUE(),$L5=FALSE(),$M5=FALSE(),$N5=FALSE(),$O5=FALSE(),$P5=FALSE(),$Q5=FALSE()),"No fault detail given - needs technician inspection",""),IF(AND(COUNTIF($F$3:$F$252,$F5)>1,LOWER(TRIM($F5))<>"empty"),"Duplicate Serial No - verify device identity",""),IF((--$L5+--$M5+--$N5+--$O5+--$P5)>1,"Multiple fault types detected - review full details before repair",""))) | W5: 0
A6: 4 | B6: 46239.495 | C6: X628 | D6: =IF($B6="","",IFERROR(VLOOKUP(TRIM($C6),ModelMap,2,FALSE()),TRIM($C6))) -> X628 | E6: Kegalle | F6: 6006171200007 | G6: Working | J6: Black & White | K6: =IF($B6="","",LOWER(TRIM($G6)&" | "&TRIM($H6)&" | "&TRIM($I6))) -> working | | | L6: =IF($B6="","",SUMPRODUCT(--ISNUMBER(SEARCH(SensorKW,$K6)))>0) -> FALSE | M6: =IF($B6="","",SUMPRODUCT(--ISNUMBER(SEARCH(DisplayKW,$K6)))>0) -> FALSE | N6: =IF($B6="","",SUMPRODUCT(--ISNUMBER(SEARCH(KeypadKW,$K6)))>0) -> FALSE | O6: =IF($B6="","",SUMPRODUCT(--ISNUMBER(SEARCH(PowerKW,$K6)))>0) -> FALSE | P6: =IF($B6="","",SUMPRODUCT(--ISNUMBER(SEARCH(SpeakerKW,$K6)))>0) -> FALSE | Q6: =IF($B6="","",OR(SUMPRODUCT(--ISNUMBER(SEARCH(EmptyKW,$K6)))>0,LOWER(TRIM($F6))="empty")) -> FALSE | R6: =IF($B6="","",OR(ISNUMBER(SEARCH("repair",$G6)),ISNUMBER(SEARCH("not working",$G6)))) -> FALSE | S6: =IF(AND($B6<>"",$M6=TRUE(),$L6=FALSE(),$Q6=FALSE()),COUNTIFS($M$3:$M6,TRUE(),$L$3:$L6,FALSE(),$Q$3:$Q6,FALSE()),"") | T6: =IF($B6="","",IF($Q6=TRUE(),"U1",IF($L6=TRUE(),"S1",IF($M6=TRUE(),"D"&MIN(4,INT(($S6-1)/DisplayCapacity)+1),IF($N6=TRUE(),"K1",IF($O6=TRUE(),"P1",IF($P6=TRUE(),"U1",IF($R6=TRUE(),"U1","W")))))))) -> W | U6: =IF($T6="","",$T6&"-"&COUNTIF($T$3:T6,$T6)) -> W-3 | V6: =IF($B6="","",_xlfn.TEXTJOIN(" | ",TRUE(),IF($Q6=TRUE(),"Empty box - no physical device, verify status",""),IF(AND($P6=TRUE(),$L6=FALSE(),$M6=FALSE(),$N6=FALSE(),$O6=FALSE(),$Q6=FALSE()),"Speaker fault only - needs manual box assignment",""),IF(AND($R6=TRUE(),$L6=FALSE(),$M6=FALSE(),$N6=FALSE(),$O6=FALSE(),$P6=FALSE(),$Q6=FALSE()),"No fault detail given - needs technician inspection",""),IF(AND(COUNTIF($F$3:$F$252,$F6)>1,LOWER(TRIM($F6))<>"empty"),"Duplicate Serial No - verify device identity",""),IF((--$L6+--$M6+--$N6+--$O6+--$P6)>1,"Multiple fault types detected - review full details before repair",""))) | W6: 0
A7: 5 | B7: 46239.501 | C7: X628 | D7: =IF($B7="","",IFERROR(VLOOKUP(TRIM($C7),ModelMap,2,FALSE()),TRIM($C7))) -> X628 | E7: Negambo- Thelwaththa | F7: CDQ9200760081 | G7: Working | J7: Colour | K7: =IF($B7="","",LOWER(TRIM($G7)&" | "&TRIM($H7)&" | "&TRIM($I7))) -> working | | | L7: =IF($B7="","",SUMPRODUCT(--ISNUMBER(SEARCH(SensorKW,$K7)))>0) -> FALSE | M7: =IF($B7="","",SUMPRODUCT(--ISNUMBER(SEARCH(DisplayKW,$K7)))>0) -> FALSE | N7: =IF($B7="","",SUMPRODUCT(--ISNUMBER(SEARCH(KeypadKW,$K7)))>0) -> FALSE | O7: =IF($B7="","",SUMPRODUCT(--ISNUMBER(SEARCH(PowerKW,$K7)))>0) -> FALSE | P7: =IF($B7="","",SUMPRODUCT(--ISNUMBER(SEARCH(SpeakerKW,$K7)))>0) -> FALSE | Q7: =IF($B7="","",OR(SUMPRODUCT(--ISNUMBER(SEARCH(EmptyKW,$K7)))>0,LOWER(TRIM($F7))="empty")) -> FALSE | R7: =IF($B7="","",OR(ISNUMBER(SEARCH("repair",$G7)),ISNUMBER(SEARCH("not working",$G7)))) -> FALSE | S7: =IF(AND($B7<>"",$M7=TRUE(),$L7=FALSE(),$Q7=FALSE()),COUNTIFS($M$3:$M7,TRUE(),$L$3:$L7,FALSE(),$Q$3:$Q7,FALSE()),"") | T7: =IF($B7="","",IF($Q7=TRUE(),"U1",IF($L7=TRUE(),"S1",IF($M7=TRUE(),"D"&MIN(4,INT(($S7-1)/DisplayCapacity)+1),IF($N7=TRUE(),"K1",IF($O7=TRUE(),"P1",IF($P7=TRUE(),"U1",IF($R7=TRUE(),"U1","W")))))))) -> W | U7: =IF($T7="","",$T7&"-"&COUNTIF($T$3:T7,$T7)) -> W-4 | V7: =IF($B7="","",_xlfn.TEXTJOIN(" | ",TRUE(),IF($Q7=TRUE(),"Empty box - no physical device, verify status",""),IF(AND($P7=TRUE(),$L7=FALSE(),$M7=FALSE(),$N7=FALSE(),$O7=FALSE(),$Q7=FALSE()),"Speaker fault only - needs manual box assignment",""),IF(AND($R7=TRUE(),$L7=FALSE(),$M7=FALSE(),$N7=FALSE(),$O7=FALSE(),$P7=FALSE(),$Q7=FALSE()),"No fault detail given - needs technician inspection",""),IF(AND(COUNTIF($F$3:$F$252,$F7)>1,LOWER(TRIM($F7))<>"empty"),"Duplicate Serial No - verify device identity",""),IF((--$L7+--$M7+--$N7+--$O7+--$P7)>1,"Multiple fault types detected - review full details before repair",""))) | W7: 0
A8: 6 | B8: 46239.508 | C8: X628 | D8: =IF($B8="","",IFERROR(VLOOKUP(TRIM($C8),ModelMap,2,FALSE()),TRIM($C8))) -> X628 | E8: Thihariya | F8: CDQ9193960102 | G8: Have to Repair | J8: Colour | K8: =IF($B8="","",LOWER(TRIM($G8)&" | "&TRIM($H8)&" | "&TRIM($I8))) -> have to repair | | | L8: =IF($B8="","",SUMPRODUCT(--ISNUMBER(SEARCH(SensorKW,$K8)))>0) -> FALSE | M8: =IF($B8="","",SUMPRODUCT(--ISNUMBER(SEARCH(DisplayKW,$K8)))>0) -> FALSE | N8: =IF($B8="","",SUMPRODUCT(--ISNUMBER(SEARCH(KeypadKW,$K8)))>0) -> FALSE | O8: =IF($B8="","",SUMPRODUCT(--ISNUMBER(SEARCH(PowerKW,$K8)))>0) -> FALSE | P8: =IF($B8="","",SUMPRODUCT(--ISNUMBER(SEARCH(SpeakerKW,$K8)))>0) -> FALSE | Q8: =IF($B8="","",OR(SUMPRODUCT(--ISNUMBER(SEARCH(EmptyKW,$K8)))>0,LOWER(TRIM($F8))="empty")) -> FALSE | R8: =IF($B8="","",OR(ISNUMBER(SEARCH("repair",$G8)),ISNUMBER(SEARCH("not working",$G8)))) -> TRUE | S8: =IF(AND($B8<>"",$M8=TRUE(),$L8=FALSE(),$Q8=FALSE()),COUNTIFS($M$3:$M8,TRUE(),$L$3:$L8,FALSE(),$Q$3:$Q8,FALSE()),"") | T8: =IF($B8="","",IF($Q8=TRUE(),"U1",IF($L8=TRUE(),"S1",IF($M8=TRUE(),"D"&MIN(4,INT(($S8-1)/DisplayCapacity)+1),IF($N8=TRUE(),"K1",IF($O8=TRUE(),"P1",IF($P8=TRUE(),"U1",IF($R8=TRUE(),"U1","W")))))))) -> U1 | U8: =IF($T8="","",$T8&"-"&COUNTIF($T$3:T8,$T8)) -> U1-1 | V8: =IF($B8="","",_xlfn.TEXTJOIN(" | ",TRUE(),IF($Q8=TRUE(),"Empty box - no physical device, verify status",""),IF(AND($P8=TRUE(),$L8=FALSE(),$M8=FALSE(),$N8=FALSE(),$O8=FALSE(),$Q8=FALSE()),"Speaker fault only - needs manual box assignment",""),IF(AND($R8=TRUE(),$L8=FALSE(),$M8=FALSE(),$N8=FALSE(),$O8=FALSE(),$P8=FALSE(),$Q8=FALSE()),"No fault detail given - needs technician inspection",""),IF(AND(COUNTIF($F$3:$F$252,$F8)>1,LOWER(TRIM($F8))<>"empty"),"Duplicate Serial No - verify device identity",""),IF((--$L8+--$M8+--$N8+--$O8+--$P8)>1,"Multiple fault types detected - review full details before repair",""))) -> No fault detail given - needs technician inspection | W8: 0
A9: 7 | B9: 46239.512 | C9: X628 | D9: =IF($B9="","",IFERROR(VLOOKUP(TRIM($C9),ModelMap,2,FALSE()),TRIM($C9))) -> X628 | E9: Kadawatha CC | F9: 0NQ9193960105 | G9: Have to Repair | H9: Display Error | J9: Colour | K9: =IF($B9="","",LOWER(TRIM($G9)&" | "&TRIM($H9)&" | "&TRIM($I9))) -> have to repair | display error | | L9: =IF($B9="","",SUMPRODUCT(--ISNUMBER(SEARCH(SensorKW,$K9)))>0) -> FALSE | M9: =IF($B9="","",SUMPRODUCT(--ISNUMBER(SEARCH(DisplayKW,$K9)))>0) -> TRUE | N9: =IF($B9="","",SUMPRODUCT(--ISNUMBER(SEARCH(KeypadKW,$K9)))>0) -> FALSE | O9: =IF($B9="","",SUMPRODUCT(--ISNUMBER(SEARCH(PowerKW,$K9)))>0) -> FALSE | P9: =IF($B9="","",SUMPRODUCT(--ISNUMBER(SEARCH(SpeakerKW,$K9)))>0) -> FALSE | Q9: =IF($B9="","",OR(SUMPRODUCT(--ISNUMBER(SEARCH(EmptyKW,$K9)))>0,LOWER(TRIM($F9))="empty")) -> FALSE | R9: =IF($B9="","",OR(ISNUMBER(SEARCH("repair",$G9)),ISNUMBER(SEARCH("not working",$G9)))) -> TRUE | S9: =IF(AND($B9<>"",$M9=TRUE(),$L9=FALSE(),$Q9=FALSE()),COUNTIFS($M$3:$M9,TRUE(),$L$3:$L9,FALSE(),$Q$3:$Q9,FALSE()),"") -> 1 | T9: =IF($B9="","",IF($Q9=TRUE(),"U1",IF($L9=TRUE(),"S1",IF($M9=TRUE(),"D"&MIN(4,INT(($S9-1)/DisplayCapacity)+1),IF($N9=TRUE(),"K1",IF($O9=TRUE(),"P1",IF($P9=TRUE(),"U1",IF($R9=TRUE(),"U1","W")))))))) -> D1 | U9: =IF($T9="","",$T9&"-"&COUNTIF($T$3:T9,$T9)) -> D1-1 | V9: =IF($B9="","",_xlfn.TEXTJOIN(" | ",TRUE(),IF($Q9=TRUE(),"Empty box - no physical device, verify status",""),IF(AND($P9=TRUE(),$L9=FALSE(),$M9=FALSE(),$N9=FALSE(),$O9=FALSE(),$Q9=FALSE()),"Speaker fault only - needs manual box assignment",""),IF(AND($R9=TRUE(),$L9=FALSE(),$M9=FALSE(),$N9=FALSE(),$O9=FALSE(),$P9=FALSE(),$Q9=FALSE()),"No fault detail given - needs technician inspection",""),IF(AND(COUNTIF($F$3:$F$252,$F9)>1,LOWER(TRIM($F9))<>"empty"),"Duplicate Serial No - verify device identity",""),IF((--$L9+--$M9+--$N9+--$O9+--$P9)>1,"Multiple fault types detected - review full details before repair",""))) | W9: 0
A10: 8 | B10: 46239.515 | C10: X628 | D10: =IF($B10="","",IFERROR(VLOOKUP(TRIM($C10),ModelMap,2,FALSE()),TRIM($C10))) -> X628 | E10: Negambo- Kurana | F10: CDQ9200760084 | G10: Working | J10: Colour | K10: =IF($B10="","",LOWER(TRIM($G10)&" | "&TRIM($H10)&" | "&TRIM($I10))) -> working | | | L10: =IF($B10="","",SUMPRODUCT(--ISNUMBER(SEARCH(SensorKW,$K10)))>0) -> FALSE | M10: =IF($B10="","",SUMPRODUCT(--ISNUMBER(SEARCH(DisplayKW,$K10)))>0) -> FALSE | N10: =IF($B10="","",SUMPRODUCT(--ISNUMBER(SEARCH(KeypadKW,$K10)))>0) -> FALSE | O10: =IF($B10="","",SUMPRODUCT(--ISNUMBER(SEARCH(PowerKW,$K10)))>0) -> FALSE | P10: =IF($B10="","",SUMPRODUCT(--ISNUMBER(SEARCH(SpeakerKW,$K10)))>0) -> FALSE | Q10: =IF($B10="","",OR(SUMPRODUCT(--ISNUMBER(SEARCH(EmptyKW,$K10)))>0,LOWER(TRIM($F10))="empty")) -> FALSE | R10: =IF($B10="","",OR(ISNUMBER(SEARCH("repair",$G10)),ISNUMBER(SEARCH("not working",$G10)))) -> FALSE | S10: =IF(AND($B10<>"",$M10=TRUE(),$L10=FALSE(),$Q10=FALSE()),COUNTIFS($M$3:$M10,TRUE(),$L$3:$L10,FALSE(),$Q$3:$Q10,FALSE()),"") | T10: =IF($B10="","",IF($Q10=TRUE(),"U1",IF($L10=TRUE(),"S1",IF($M10=TRUE(),"D"&MIN(4,INT(($S10-1)/DisplayCapacity)+1),IF($N10=TRUE(),"K1",IF($O10=TRUE(),"P1",IF($P10=TRUE(),"U1",IF($R10=TRUE(),"U1","W")))))))) -> W | U10: =IF($T10="","",$T10&"-"&COUNTIF($T$3:T10,$T10)) -> W-5 | V10: =IF($B10="","",_xlfn.TEXTJOIN(" | ",TRUE(),IF($Q10=TRUE(),"Empty box - no physical device, verify status",""),IF(AND($P10=TRUE(),$L10=FALSE(),$M10=FALSE(),$N10=FALSE(),$O10=FALSE(),$Q10=FALSE()),"Speaker fault only - needs manual box assignment",""),IF(AND($R10=TRUE(),$L10=FALSE(),$M10=FALSE(),$N10=FALSE(),$O10=FALSE(),$P10=FALSE(),$Q10=FALSE()),"No fault detail given - needs technician inspection",""),IF(AND(COUNTIF($F$3:$F$252,$F10)>1,LOWER(TRIM($F10))<>"empty"),"Duplicate Serial No - verify device identity",""),IF((--$L10+--$M10+--$N10+--$O10+--$P10)>1,"Multiple fault types detected - review full details before repair",""))) | W10: 0
A11: 9 | B11: 46239.519 | C11: X628 | D11: =IF($B11="","",IFERROR(VLOOKUP(TRIM($C11),ModelMap,2,FALSE()),TRIM($C11))) -> X628 | E11: Negambo 02 | F11: CDQ9184760006 | G11: Working, Have to Repair | I11: Keypad have to repair | J11: Colour | K11: =IF($B11="","",LOWER(TRIM($G11)&" | "&TRIM($H11)&" | "&TRIM($I11))) -> working, have to repair | | keypad have to repair | L11: =IF($B11="","",SUMPRODUCT(--ISNUMBER(SEARCH(SensorKW,$K11)))>0) -> FALSE | M11: =IF($B11="","",SUMPRODUCT(--ISNUMBER(SEARCH(DisplayKW,$K11)))>0) -> FALSE | N11: =IF($B11="","",SUMPRODUCT(--ISNUMBER(SEARCH(KeypadKW,$K11)))>0) -> TRUE | O11: =IF($B11="","",SUMPRODUCT(--ISNUMBER(SEARCH(PowerKW,$K11)))>0) -> FALSE | P11: =IF($B11="","",SUMPRODUCT(--ISNUMBER(SEARCH(SpeakerKW,$K11)))>0) -> FALSE | Q11: =IF($B11="","",OR(SUMPRODUCT(--ISNUMBER(SEARCH(EmptyKW,$K11)))>0,LOWER(TRIM($F11))="empty")) -> FALSE | R11: =IF($B11="","",OR(ISNUMBER(SEARCH("repair",$G11)),ISNUMBER(SEARCH("not working",$G11)))) -> TRUE | S11: =IF(AND($B11<>"",$M11=TRUE(),$L11=FALSE(),$Q11=FALSE()),COUNTIFS($M$3:$M11,TRUE(),$L$3:$L11,FALSE(),$Q$3:$Q11,FALSE()),"") | T11: =IF($B11="","",IF($Q11=TRUE(),"U1",IF($L11=TRUE(),"S1",IF($M11=TRUE(),"D"&MIN(4,INT(($S11-1)/DisplayCapacity)+1),IF($N11=TRUE(),"K1",IF($O11=TRUE(),"P1",IF($P11=TRUE(),"U1",IF($R11=TRUE(),"U1","W")))))))) -> K1 | U11: =IF($T11="","",$T11&"-"&COUNTIF($T$3:T11,$T11)) -> K1-1 | V11: =IF($B11="","",_xlfn.TEXTJOIN(" | ",TRUE(),IF($Q11=TRUE(),"Empty box - no physical device, verify status",""),IF(AND($P11=TRUE(),$L11=FALSE(),$M11=FALSE(),$N11=FALSE(),$O11=FALSE(),$Q11=FALSE()),"Speaker fault only - needs manual box assignment",""),IF(AND($R11=TRUE(),$L11=FALSE(),$M11=FALSE(),$N11=FALSE(),$O11=FALSE(),$P11=FALSE(),$Q11=FALSE()),"No fault detail given - needs technician inspection",""),IF(AND(COUNTIF($F$3:$F$252,$F11)>1,LOWER(TRIM($F11))<>"empty"),"Duplicate Serial No - verify device identity",""),IF((--$L11+--$M11+--$N11+--$O11+--$P11)>1,"Multiple fault types detected - review full details before repair",""))) | W11: 0
A12: 10 | B12: 46239.522 | C12: TX628 | D12: =IF($B12="","",IFERROR(VLOOKUP(TRIM($C12),ModelMap,2,FALSE()),TRIM($C12))) -> TX628 | E12: Kirillawela | F12: 6160062164907 | G12: Working | J12: Colour | K12: =IF($B12="","",LOWER(TRIM($G12)&" | "&TRIM($H12)&" | "&TRIM($I12))) -> working | | | L12: =IF($B12="","",SUMPRODUCT(--ISNUMBER(SEARCH(SensorKW,$K12)))>0) -> FALSE | M12: =IF($B12="","",SUMPRODUCT(--ISNUMBER(SEARCH(DisplayKW,$K12)))>0) -> FALSE | N12: =IF($B12="","",SUMPRODUCT(--ISNUMBER(SEARCH(KeypadKW,$K12)))>0) -> FALSE | O12: =IF($B12="","",SUMPRODUCT(--ISNUMBER(SEARCH(PowerKW,$K12)))>0) -> FALSE | P12: =IF($B12="","",SUMPRODUCT(--ISNUMBER(SEARCH(SpeakerKW,$K12)))>0) -> FALSE | Q12: =IF($B12="","",OR(SUMPRODUCT(--ISNUMBER(SEARCH(EmptyKW,$K12)))>0,LOWER(TRIM($F12))="empty")) -> FALSE | R12: =IF($B12="","",OR(ISNUMBER(SEARCH("repair",$G12)),ISNUMBER(SEARCH("not working",$G12)))) -> FALSE | S12: =IF(AND($B12<>"",$M12=TRUE(),$L12=FALSE(),$Q12=FALSE()),COUNTIFS($M$3:$M12,TRUE(),$L$3:$L12,FALSE(),$Q$3:$Q12,FALSE()),"") | T12: =IF($B12="","",IF($Q12=TRUE(),"U1",IF($L12=TRUE(),"S1",IF($M12=TRUE(),"D"&MIN(4,INT(($S12-1)/DisplayCapacity)+1),IF($N12=TRUE(),"K1",IF($O12=TRUE(),"P1",IF($P12=TRUE(),"U1",IF($R12=TRUE(),"U1","W")))))))) -> W | U12: =IF($T12="","",$T12&"-"&COUNTIF($T$3:T12,$T12)) -> W-6 | V12: =IF($B12="","",_xlfn.TEXTJOIN(" | ",TRUE(),IF($Q12=TRUE(),"Empty box - no physical device, verify status",""),IF(AND($P12=TRUE(),$L12=FALSE(),$M12=FALSE(),$N12=FALSE(),$O12=FALSE(),$Q12=FALSE()),"Speaker fault only - needs manual box assignment",""),IF(AND($R12=TRUE(),$L12=FALSE(),$M12=FALSE(),$N12=FALSE(),$O12=FALSE(),$P12=FALSE(),$Q12=FALSE()),"No fault detail given - needs technician inspection",""),IF(AND(COUNTIF($F$3:$F$252,$F12)>1,LOWER(TRIM($F12))<>"empty"),"Duplicate Serial No - verify device identity",""),IF((--$L12+--$M12+--$N12+--$O12+--$P12)>1,"Multiple fault types detected - review full details before repair",""))) | W12: 0
A13: 11 | B13: 46239.537 | C13: X628 | D13: =IF($B13="","",IFERROR(VLOOKUP(TRIM($C13),ModelMap,2,FALSE()),TRIM($C13))) -> X628 | E13: Chillaw | F13: 5128193500007 | G13: Working, Have to Repair | H13: No sensor and also have power issue some time device is off automatically | J13: Colour | K13: =IF($B13="","",LOWER(TRIM($G13)&" | "&TRIM($H13)&" | "&TRIM($I13))) -> working, have to repair | no sensor and also have power issue some time device is off automatically | | L13: =IF($B13="","",SUMPRODUCT(--ISNUMBER(SEARCH(SensorKW,$K13)))>0) -> TRUE | M13: =IF($B13="","",SUMPRODUCT(--ISNUMBER(SEARCH(DisplayKW,$K13)))>0) -> FALSE | N13: =IF($B13="","",SUMPRODUCT(--ISNUMBER(SEARCH(KeypadKW,$K13)))>0) -> FALSE | O13: =IF($B13="","",SUMPRODUCT(--ISNUMBER(SEARCH(PowerKW,$K13)))>0) -> TRUE | P13: =IF($B13="","",SUMPRODUCT(--ISNUMBER(SEARCH(SpeakerKW,$K13)))>0) -> FALSE | Q13: =IF($B13="","",OR(SUMPRODUCT(--ISNUMBER(SEARCH(EmptyKW,$K13)))>0,LOWER(TRIM($F13))="empty")) -> FALSE | R13: =IF($B13="","",OR(ISNUMBER(SEARCH("repair",$G13)),ISNUMBER(SEARCH("not working",$G13)))) -> TRUE | S13: =IF(AND($B13<>"",$M13=TRUE(),$L13=FALSE(),$Q13=FALSE()),COUNTIFS($M$3:$M13,TRUE(),$L$3:$L13,FALSE(),$Q$3:$Q13,FALSE()),"") | T13: =IF($B13="","",IF($Q13=TRUE(),"U1",IF($L13=TRUE(),"S1",IF($M13=TRUE(),"D"&MIN(4,INT(($S13-1)/DisplayCapacity)+1),IF($N13=TRUE(),"K1",IF($O13=TRUE(),"P1",IF($P13=TRUE(),"U1",IF($R13=TRUE(),"U1","W")))))))) -> S1 | U13: =IF($T13="","",$T13&"-"&COUNTIF($T$3:T13,$T13)) -> S1-1 | V13: =IF($B13="","",_xlfn.TEXTJOIN(" | ",TRUE(),IF($Q13=TRUE(),"Empty box - no physical device, verify status",""),IF(AND($P13=TRUE(),$L13=FALSE(),$M13=FALSE(),$N13=FALSE(),$O13=FALSE(),$Q13=FALSE()),"Speaker fault only - needs manual box assignment",""),IF(AND($R13=TRUE(),$L13=FALSE(),$M13=FALSE(),$N13=FALSE(),$O13=FALSE(),$P13=FALSE(),$Q13=FALSE()),"No fault detail given - needs technician inspection",""),IF(AND(COUNTIF($F$3:$F$252,$F13)>1,LOWER(TRIM($F13))<>"empty"),"Duplicate Serial No - verify device identity",""),IF((--$L13+--$M13+--$N13+--$O13+--$P13)>1,"Multiple fault types detected - review full details before repair",""))) -> Multiple fault types detected - review full details before repair | W13: 0
A14: 12 | B14: 46239.543 | C14: X628 | D14: =IF($B14="","",IFERROR(VLOOKUP(TRIM($C14),ModelMap,2,FALSE()),TRIM($C14))) -> X628 | E14: Gampaha | F14: A5RN174660002 | G14: Working | J14: Black & White | K14: =IF($B14="","",LOWER(TRIM($G14)&" | "&TRIM($H14)&" | "&TRIM($I14))) -> working | | | L14: =IF($B14="","",SUMPRODUCT(--ISNUMBER(SEARCH(SensorKW,$K14)))>0) -> FALSE | M14: =IF($B14="","",SUMPRODUCT(--ISNUMBER(SEARCH(DisplayKW,$K14)))>0) -> FALSE | N14: =IF($B14="","",SUMPRODUCT(--ISNUMBER(SEARCH(KeypadKW,$K14)))>0) -> FALSE | O14: =IF($B14="","",SUMPRODUCT(--ISNUMBER(SEARCH(PowerKW,$K14)))>0) -> FALSE | P14: =IF($B14="","",SUMPRODUCT(--ISNUMBER(SEARCH(SpeakerKW,$K14)))>0) -> FALSE | Q14: =IF($B14="","",OR(SUMPRODUCT(--ISNUMBER(SEARCH(EmptyKW,$K14)))>0,LOWER(TRIM($F14))="empty")) -> FALSE | R14: =IF($B14="","",OR(ISNUMBER(SEARCH("repair",$G14)),ISNUMBER(SEARCH("not working",$G14)))) -> FALSE | S14: =IF(AND($B14<>"",$M14=TRUE(),$L14=FALSE(),$Q14=FALSE()),COUNTIFS($M$3:$M14,TRUE(),$L$3:$L14,FALSE(),$Q$3:$Q14,FALSE()),"") | T14: =IF($B14="","",IF($Q14=TRUE(),"U1",IF($L14=TRUE(),"S1",IF($M14=TRUE(),"D"&MIN(4,INT(($S14-1)/DisplayCapacity)+1),IF($N14=TRUE(),"K1",IF($O14=TRUE(),"P1",IF($P14=TRUE(),"U1",IF($R14=TRUE(),"U1","W")))))))) -> W | U14: =IF($T14="","",$T14&"-"&COUNTIF($T$3:T14,$T14)) -> W-7 | V14: =IF($B14="","",_xlfn.TEXTJOIN(" | ",TRUE(),IF($Q14=TRUE(),"Empty box - no physical device, verify status",""),IF(AND($P14=TRUE(),$L14=FALSE(),$M14=FALSE(),$N14=FALSE(),$O14=FALSE(),$Q14=FALSE()),"Speaker fault only - needs manual box assignment",""),IF(AND($R14=TRUE(),$L14=FALSE(),$M14=FALSE(),$N14=FALSE(),$O14=FALSE(),$P14=FALSE(),$Q14=FALSE()),"No fault detail given - needs technician inspection",""),IF(AND(COUNTIF($F$3:$F$252,$F14)>1,LOWER(TRIM($F14))<>"empty"),"Duplicate Serial No - verify device identity",""),IF((--$L14+--$M14+--$N14+--$O14+--$P14)>1,"Multiple fault types detected - review full details before repair",""))) | W14: 0
A15: 13 | B15: 46239.548 | C15: X628 | D15: =IF($B15="","",IFERROR(VLOOKUP(TRIM($C15),ModelMap,2,FALSE()),TRIM($C15))) -> X628 | E15: Minuwangoda | F15: A5SA182160001 | G15: Working | I15: Have to repair keypad | J15: Black & White | K15: =IF($B15="","",LOWER(TRIM($G15)&" | "&TRIM($H15)&" | "&TRIM($I15))) -> working | | have to repair keypad | L15: =IF($B15="","",SUMPRODUCT(--ISNUMBER(SEARCH(SensorKW,$K15)))>0) -> FALSE | M15: =IF($B15="","",SUMPRODUCT(--ISNUMBER(SEARCH(DisplayKW,$K15)))>0) -> FALSE | N15: =IF($B15="","",SUMPRODUCT(--ISNUMBER(SEARCH(KeypadKW,$K15)))>0) -> TRUE | O15: =IF($B15="","",SUMPRODUCT(--ISNUMBER(SEARCH(PowerKW,$K15)))>0) -> FALSE | P15: =IF($B15="","",SUMPRODUCT(--ISNUMBER(SEARCH(SpeakerKW,$K15)))>0) -> FALSE | Q15: =IF($B15="","",OR(SUMPRODUCT(--ISNUMBER(SEARCH(EmptyKW,$K15)))>0,LOWER(TRIM($F15))="empty")) -> FALSE | R15: =IF($B15="","",OR(ISNUMBER(SEARCH("repair",$G15)),ISNUMBER(SEARCH("not working",$G15)))) -> FALSE | S15: =IF(AND($B15<>"",$M15=TRUE(),$L15=FALSE(),$Q15=FALSE()),COUNTIFS($M$3:$M15,TRUE(),$L$3:$L15,FALSE(),$Q$3:$Q15,FALSE()),"") | T15: =IF($B15="","",IF($Q15=TRUE(),"U1",IF($L15=TRUE(),"S1",IF($M15=TRUE(),"D"&MIN(4,INT(($S15-1)/DisplayCapacity)+1),IF($N15=TRUE(),"K1",IF($O15=TRUE(),"P1",IF($P15=TRUE(),"U1",IF($R15=TRUE(),"U1","W")))))))) -> K1 | U15: =IF($T15="","",$T15&"-"&COUNTIF($T$3:T15,$T15)) -> K1-2 | V15: =IF($B15="","",_xlfn.TEXTJOIN(" | ",TRUE(),IF($Q15=TRUE(),"Empty box - no physical device, verify status",""),IF(AND($P15=TRUE(),$L15=FALSE(),$M15=FALSE(),$N15=FALSE(),$O15=FALSE(),$Q15=FALSE()),"Speaker fault only - needs manual box assignment",""),IF(AND($R15=TRUE(),$L15=FALSE(),$M15=FALSE(),$N15=FALSE(),$O15=FALSE(),$P15=FALSE(),$Q15=FALSE()),"No fault detail given - needs technician inspection",""),IF(AND(COUNTIF($F$3:$F$252,$F15)>1,LOWER(TRIM($F15))<>"empty"),"Duplicate Serial No - verify device identity",""),IF((--$L15+--$M15+--$N15+--$O15+--$P15)>1,"Multiple fault types detected - review full details before repair",""))) | W15: 0
A16: 14 | B16: 46239.554 | C16: X628 | D16: =IF($B16="","",IFERROR(VLOOKUP(TRIM($C16),ModelMap,2,FALSE()),TRIM($C16))) -> X628 | E16: Andiambalama | F16: 0065653040014 | G16: Working | I16: Display is not clear | J16: Black & White | K16: =IF($B16="","",LOWER(TRIM($G16)&" | "&TRIM($H16)&" | "&TRIM($I16))) -> working | | display is not clear | L16: =IF($B16="","",SUMPRODUCT(--ISNUMBER(SEARCH(SensorKW,$K16)))>0) -> FALSE | M16: =IF($B16="","",SUMPRODUCT(--ISNUMBER(SEARCH(DisplayKW,$K16)))>0) -> TRUE | N16: =IF($B16="","",SUMPRODUCT(--ISNUMBER(SEARCH(KeypadKW,$K16)))>0) -> FALSE | O16: =IF($B16="","",SUMPRODUCT(--ISNUMBER(SEARCH(PowerKW,$K16)))>0) -> FALSE | P16: =IF($B16="","",SUMPRODUCT(--ISNUMBER(SEARCH(SpeakerKW,$K16)))>0) -> FALSE | Q16: =IF($B16="","",OR(SUMPRODUCT(--ISNUMBER(SEARCH(EmptyKW,$K16)))>0,LOWER(TRIM($F16))="empty")) -> FALSE | R16: =IF($B16="","",OR(ISNUMBER(SEARCH("repair",$G16)),ISNUMBER(SEARCH("not working",$G16)))) -> FALSE | S16: =IF(AND($B16<>"",$M16=TRUE(),$L16=FALSE(),$Q16=FALSE()),COUNTIFS($M$3:$M16,TRUE(),$L$3:$L16,FALSE(),$Q$3:$Q16,FALSE()),"") -> 2 | T16: =IF($B16="","",IF($Q16=TRUE(),"U1",IF($L16=TRUE(),"S1",IF($M16=TRUE(),"D"&MIN(4,INT(($S16-1)/DisplayCapacity)+1),IF($N16=TRUE(),"K1",IF($O16=TRUE(),"P1",IF($P16=TRUE(),"U1",IF($R16=TRUE(),"U1","W")))))))) -> D1 | U16: =IF($T16="","",$T16&"-"&COUNTIF($T$3:T16,$T16)) -> D1-2 | V16: =IF($B16="","",_xlfn.TEXTJOIN(" | ",TRUE(),IF($Q16=TRUE(),"Empty box - no physical device, verify status",""),IF(AND($P16=TRUE(),$L16=FALSE(),$M16=FALSE(),$N16=FALSE(),$O16=FALSE(),$Q16=FALSE()),"Speaker fault only - needs manual box assignment",""),IF(AND($R16=TRUE(),$L16=FALSE(),$M16=FALSE(),$N16=FALSE(),$O16=FALSE(),$P16=FALSE(),$Q16=FALSE()),"No fault detail given - needs technician inspection",""),IF(AND(COUNTIF($F$3:$F$252,$F16)>1,LOWER(TRIM($F16))<>"empty"),"Duplicate Serial No - verify device identity",""),IF((--$L16+--$M16+--$N16+--$O16+--$P16)>1,"Multiple fault types detected - review full details before repair",""))) | W16: 0
A17: 15 | B17: 46239.559 | C17: X628 | D17: =IF($B17="","",IFERROR(VLOOKUP(TRIM($C17),ModelMap,2,FALSE()),TRIM($C17))) -> X628 | E17: Ganemulla | F17: AEG8243600005 | G17: Working | J17: Colour | K17: =IF($B17="","",LOWER(TRIM($G17)&" | "&TRIM($H17)&" | "&TRIM($I17))) -> working | | | L17: =IF($B17="","",SUMPRODUCT(--ISNUMBER(SEARCH(SensorKW,$K17)))>0) -> FALSE | M17: =IF($B17="","",SUMPRODUCT(--ISNUMBER(SEARCH(DisplayKW,$K17)))>0) -> FALSE | N17: =IF($B17="","",SUMPRODUCT(--ISNUMBER(SEARCH(KeypadKW,$K17)))>0) -> FALSE | O17: =IF($B17="","",SUMPRODUCT(--ISNUMBER(SEARCH(PowerKW,$K17)))>0) -> FALSE | P17: =IF($B17="","",SUMPRODUCT(--ISNUMBER(SEARCH(SpeakerKW,$K17)))>0) -> FALSE | Q17: =IF($B17="","",OR(SUMPRODUCT(--ISNUMBER(SEARCH(EmptyKW,$K17)))>0,LOWER(TRIM($F17))="empty")) -> FALSE | R17: =IF($B17="","",OR(ISNUMBER(SEARCH("repair",$G17)),ISNUMBER(SEARCH("not working",$G17)))) -> FALSE | S17: =IF(AND($B17<>"",$M17=TRUE(),$L17=FALSE(),$Q17=FALSE()),COUNTIFS($M$3:$M17,TRUE(),$L$3:$L17,FALSE(),$Q$3:$Q17,FALSE()),"") | T17: =IF($B17="","",IF($Q17=TRUE(),"U1",IF($L17=TRUE(),"S1",IF($M17=TRUE(),"D"&MIN(4,INT(($S17-1)/DisplayCapacity)+1),IF($N17=TRUE(),"K1",IF($O17=TRUE(),"P1",IF($P17=TRUE(),"U1",IF($R17=TRUE(),"U1","W")))))))) -> W | U17: =IF($T17="","",$T17&"-"&COUNTIF($T$3:T17,$T17)) -> W-8 | V17: =IF($B17="","",_xlfn.TEXTJOIN(" | ",TRUE(),IF($Q17=TRUE(),"Empty box - no physical device, verify status",""),IF(AND($P17=TRUE(),$L17=FALSE(),$M17=FALSE(),$N17=FALSE(),$O17=FALSE(),$Q17=FALSE()),"Speaker fault only - needs manual box assignment",""),IF(AND($R17=TRUE(),$L17=FALSE(),$M17=FALSE(),$N17=FALSE(),$O17=FALSE(),$P17=FALSE(),$Q17=FALSE()),"No fault detail given - needs technician inspection",""),IF(AND(COUNTIF($F$3:$F$252,$F17)>1,LOWER(TRIM($F17))<>"empty"),"Duplicate Serial No - verify device identity",""),IF((--$L17+--$M17+--$N17+--$O17+--$P17)>1,"Multiple fault types detected - review full details before repair",""))) | W17: 0
A18: 16 | B18: 46239.565 | C18: TX628 | D18: =IF($B18="","",IFERROR(VLOOKUP(TRIM($C18),ModelMap,2,FALSE()),TRIM($C18))) -> TX628 | E18: Yakkala | F18: AEYW092380605 | G18: Working | J18: Colour | K18: =IF($B18="","",LOWER(TRIM($G18)&" | "&TRIM($H18)&" | "&TRIM($I18))) -> working | | | L18: =IF($B18="","",SUMPRODUCT(--ISNUMBER(SEARCH(SensorKW,$K18)))>0) -> FALSE | M18: =IF($B18="","",SUMPRODUCT(--ISNUMBER(SEARCH(DisplayKW,$K18)))>0) -> FALSE | N18: =IF($B18="","",SUMPRODUCT(--ISNUMBER(SEARCH(KeypadKW,$K18)))>0) -> FALSE | O18: =IF($B18="","",SUMPRODUCT(--ISNUMBER(SEARCH(PowerKW,$K18)))>0) -> FALSE | P18: =IF($B18="","",SUMPRODUCT(--ISNUMBER(SEARCH(SpeakerKW,$K18)))>0) -> FALSE | Q18: =IF($B18="","",OR(SUMPRODUCT(--ISNUMBER(SEARCH(EmptyKW,$K18)))>0,LOWER(TRIM($F18))="empty")) -> FALSE | R18: =IF($B18="","",OR(ISNUMBER(SEARCH("repair",$G18)),ISNUMBER(SEARCH("not working",$G18)))) -> FALSE | S18: =IF(AND($B18<>"",$M18=TRUE(),$L18=FALSE(),$Q18=FALSE()),COUNTIFS($M$3:$M18,TRUE(),$L$3:$L18,FALSE(),$Q$3:$Q18,FALSE()),"") | T18: =IF($B18="","",IF($Q18=TRUE(),"U1",IF($L18=TRUE(),"S1",IF($M18=TRUE(),"D"&MIN(4,INT(($S18-1)/DisplayCapacity)+1),IF($N18=TRUE(),"K1",IF($O18=TRUE(),"P1",IF($P18=TRUE(),"U1",IF($R18=TRUE(),"U1","W")))))))) -> W | U18: =IF($T18="","",$T18&"-"&COUNTIF($T$3:T18,$T18)) -> W-9 | V18: =IF($B18="","",_xlfn.TEXTJOIN(" | ",TRUE(),IF($Q18=TRUE(),"Empty box - no physical device, verify status",""),IF(AND($P18=TRUE(),$L18=FALSE(),$M18=FALSE(),$N18=FALSE(),$O18=FALSE(),$Q18=FALSE()),"Speaker fault only - needs manual box assignment",""),IF(AND($R18=TRUE(),$L18=FALSE(),$M18=FALSE(),$N18=FALSE(),$O18=FALSE(),$P18=FALSE(),$Q18=FALSE()),"No fault detail given - needs technician inspection",""),IF(AND(COUNTIF($F$3:$F$252,$F18)>1,LOWER(TRIM($F18))<>"empty"),"Duplicate Serial No - verify device identity",""),IF((--$L18+--$M18+--$N18+--$O18+--$P18)>1,"Multiple fault types detected - review full details before repair",""))) | W18: 0
A19: 17 | B19: 46239.571 | C19: X628 | D19: =IF($B19="","",IFERROR(VLOOKUP(TRIM($C19),ModelMap,2,FALSE()),TRIM($C19))) -> X628 | E19: Miriswaththa | F19: CDQ9192160004 | G19: Working | J19: Colour | K19: =IF($B19="","",LOWER(TRIM($G19)&" | "&TRIM($H19)&" | "&TRIM($I19))) -> working | | | L19: =IF($B19="","",SUMPRODUCT(--ISNUMBER(SEARCH(SensorKW,$K19)))>0) -> FALSE | M19: =IF($B19="","",SUMPRODUCT(--ISNUMBER(SEARCH(DisplayKW,$K19)))>0) -> FALSE | N19: =IF($B19="","",SUMPRODUCT(--ISNUMBER(SEARCH(KeypadKW,$K19)))>0) -> FALSE | O19: =IF($B19="","",SUMPRODUCT(--ISNUMBER(SEARCH(PowerKW,$K19)))>0) -> FALSE | P19: =IF($B19="","",SUMPRODUCT(--ISNUMBER(SEARCH(SpeakerKW,$K19)))>0) -> FALSE | Q19: =IF($B19="","",OR(SUMPRODUCT(--ISNUMBER(SEARCH(EmptyKW,$K19)))>0,LOWER(TRIM($F19))="empty")) -> FALSE | R19: =IF($B19="","",OR(ISNUMBER(SEARCH("repair",$G19)),ISNUMBER(SEARCH("not working",$G19)))) -> FALSE | S19: =IF(AND($B19<>"",$M19=TRUE(),$L19=FALSE(),$Q19=FALSE()),COUNTIFS($M$3:$M19,TRUE(),$L$3:$L19,FALSE(),$Q$3:$Q19,FALSE()),"") | T19: =IF($B19="","",IF($Q19=TRUE(),"U1",IF($L19=TRUE(),"S1",IF($M19=TRUE(),"D"&MIN(4,INT(($S19-1)/DisplayCapacity)+1),IF($N19=TRUE(),"K1",IF($O19=TRUE(),"P1",IF($P19=TRUE(),"U1",IF($R19=TRUE(),"U1","W")))))))) -> W | U19: =IF($T19="","",$T19&"-"&COUNTIF($T$3:T19,$T19)) -> W-10 | V19: =IF($B19="","",_xlfn.TEXTJOIN(" | ",TRUE(),IF($Q19=TRUE(),"Empty box - no physical device, verify status",""),IF(AND($P19=TRUE(),$L19=FALSE(),$M19=FALSE(),$N19=FALSE(),$O19=FALSE(),$Q19=FALSE()),"Speaker fault only - needs manual box assignment",""),IF(AND($R19=TRUE(),$L19=FALSE(),$M19=FALSE(),$N19=FALSE(),$O19=FALSE(),$P19=FALSE(),$Q19=FALSE()),"No fault detail given - needs technician inspection",""),IF(AND(COUNTIF($F$3:$F$252,$F19)>1,LOWER(TRIM($F19))<>"empty"),"Duplicate Serial No - verify device identity",""),IF((--$L19+--$M19+--$N19+--$O19+--$P19)>1,"Multiple fault types detected - review full details before repair",""))) | W19: 0
A20: 18 | B20: 46239.656 | C20: X628 | D20: =IF($B20="","",IFERROR(VLOOKUP(TRIM($C20),ModelMap,2,FALSE()),TRIM($C20))) -> X628 | E20: Thalawathugoda | F20: 6006183600002 | G20: Working | I20: Display is not clear | J20: Black & White | K20: =IF($B20="","",LOWER(TRIM($G20)&" | "&TRIM($H20)&" | "&TRIM($I20))) -> working | | display is not clear | L20: =IF($B20="","",SUMPRODUCT(--ISNUMBER(SEARCH(SensorKW,$K20)))>0) -> FALSE | M20: =IF($B20="","",SUMPRODUCT(--ISNUMBER(SEARCH(DisplayKW,$K20)))>0) -> TRUE | N20: =IF($B20="","",SUMPRODUCT(--ISNUMBER(SEARCH(KeypadKW,$K20)))>0) -> FALSE | O20: =IF($B20="","",SUMPRODUCT(--ISNUMBER(SEARCH(PowerKW,$K20)))>0) -> FALSE | P20: =IF($B20="","",SUMPRODUCT(--ISNUMBER(SEARCH(SpeakerKW,$K20)))>0) -> FALSE | Q20: =IF($B20="","",OR(SUMPRODUCT(--ISNUMBER(SEARCH(EmptyKW,$K20)))>0,LOWER(TRIM($F20))="empty")) -> FALSE | R20: =IF($B20="","",OR(ISNUMBER(SEARCH("repair",$G20)),ISNUMBER(SEARCH("not working",$G20)))) -> FALSE | S20: =IF(AND($B20<>"",$M20=TRUE(),$L20=FALSE(),$Q20=FALSE()),COUNTIFS($M$3:$M20,TRUE(),$L$3:$L20,FALSE(),$Q$3:$Q20,FALSE()),"") -> 3 | T20: =IF($B20="","",IF($Q20=TRUE(),"U1",IF($L20=TRUE(),"S1",IF($M20=TRUE(),"D"&MIN(4,INT(($S20-1)/DisplayCapacity)+1),IF($N20=TRUE(),"K1",IF($O20=TRUE(),"P1",IF($P20=TRUE(),"U1",IF($R20=TRUE(),"U1","W")))))))) -> D1 | U20: =IF($T20="","",$T20&"-"&COUNTIF($T$3:T20,$T20)) -> D1-3 | V20: =IF($B20="","",_xlfn.TEXTJOIN(" | ",TRUE(),IF($Q20=TRUE(),"Empty box - no physical device, verify status",""),IF(AND($P20=TRUE(),$L20=FALSE(),$M20=FALSE(),$N20=FALSE(),$O20=FALSE(),$Q20=FALSE()),"Speaker fault only - needs manual box assignment",""),IF(AND($R20=TRUE(),$L20=FALSE(),$M20=FALSE(),$N20=FALSE(),$O20=FALSE(),$P20=FALSE(),$Q20=FALSE()),"No fault detail given - needs technician inspection",""),IF(AND(COUNTIF($F$3:$F$252,$F20)>1,LOWER(TRIM($F20))<>"empty"),"Duplicate Serial No - verify device identity",""),IF((--$L20+--$M20+--$N20+--$O20+--$P20)>1,"Multiple fault types detected - review full details before repair",""))) | W20: 0
A21: 19 | B21: 46239.66 | C21: Iclock3000 | D21: =IF($B21="","",IFERROR(VLOOKUP(TRIM($C21),ModelMap,2,FALSE()),TRIM($C21))) -> iClock3000 | E21: Gothatuwa | F21: A7PT18036001 | G21: No Power Supply | K21: =IF($B21="","",LOWER(TRIM($G21)&" | "&TRIM($H21)&" | "&TRIM($I21))) -> no power supply | | | L21: =IF($B21="","",SUMPRODUCT(--ISNUMBER(SEARCH(SensorKW,$K21)))>0) -> FALSE | M21: =IF($B21="","",SUMPRODUCT(--ISNUMBER(SEARCH(DisplayKW,$K21)))>0) -> FALSE | N21: =IF($B21="","",SUMPRODUCT(--ISNUMBER(SEARCH(KeypadKW,$K21)))>0) -> FALSE | O21: =IF($B21="","",SUMPRODUCT(--ISNUMBER(SEARCH(PowerKW,$K21)))>0) -> TRUE | P21: =IF($B21="","",SUMPRODUCT(--ISNUMBER(SEARCH(SpeakerKW,$K21)))>0) -> FALSE | Q21: =IF($B21="","",OR(SUMPRODUCT(--ISNUMBER(SEARCH(EmptyKW,$K21)))>0,LOWER(TRIM($F21))="empty")) -> FALSE | R21: =IF($B21="","",OR(ISNUMBER(SEARCH("repair",$G21)),ISNUMBER(SEARCH("not working",$G21)))) -> FALSE | S21: =IF(AND($B21<>"",$M21=TRUE(),$L21=FALSE(),$Q21=FALSE()),COUNTIFS($M$3:$M21,TRUE(),$L$3:$L21,FALSE(),$Q$3:$Q21,FALSE()),"") | T21: =IF($B21="","",IF($Q21=TRUE(),"U1",IF($L21=TRUE(),"S1",IF($M21=TRUE(),"D"&MIN(4,INT(($S21-1)/DisplayCapacity)+1),IF($N21=TRUE(),"K1",IF($O21=TRUE(),"P1",IF($P21=TRUE(),"U1",IF($R21=TRUE(),"U1","W")))))))) -> P1 | U21: =IF($T21="","",$T21&"-"&COUNTIF($T$3:T21,$T21)) -> P1-2 | V21: =IF($B21="","",_xlfn.TEXTJOIN(" | ",TRUE(),IF($Q21=TRUE(),"Empty box - no physical device, verify status",""),IF(AND($P21=TRUE(),$L21=FALSE(),$M21=FALSE(),$N21=FALSE(),$O21=FALSE(),$Q21=FALSE()),"Speaker fault only - needs manual box assignment",""),IF(AND($R21=TRUE(),$L21=FALSE(),$M21=FALSE(),$N21=FALSE(),$O21=FALSE(),$P21=FALSE(),$Q21=FALSE()),"No fault detail given - needs technician inspection",""),IF(AND(COUNTIF($F$3:$F$252,$F21)>1,LOWER(TRIM($F21))<>"empty"),"Duplicate Serial No - verify device identity",""),IF((--$L21+--$M21+--$N21+--$O21+--$P21)>1,"Multiple fault types detected - review full details before repair",""))) | W21: 0
A22: 20 | B22: 46240.492 | C22: X-628 | D22: =IF($B22="","",IFERROR(VLOOKUP(TRIM($C22),ModelMap,2,FALSE()),TRIM($C22))) -> X628 | E22: Rathmalana | F22: 6006154200001 | G22: Working, Have to Repair | H22: Display have to replace and sensor board have issue some time | J22: Black & White | K22: =IF($B22="","",LOWER(TRIM($G22)&" | "&TRIM($H22)&" | "&TRIM($I22))) -> working, have to repair | display have to replace and sensor board have issue some time | | L22: =IF($B22="","",SUMPRODUCT(--ISNUMBER(SEARCH(SensorKW,$K22)))>0) -> TRUE | M22: =IF($B22="","",SUMPRODUCT(--ISNUMBER(SEARCH(DisplayKW,$K22)))>0) -> TRUE | N22: =IF($B22="","",SUMPRODUCT(--ISNUMBER(SEARCH(KeypadKW,$K22)))>0) -> FALSE | O22: =IF($B22="","",SUMPRODUCT(--ISNUMBER(SEARCH(PowerKW,$K22)))>0) -> FALSE | P22: =IF($B22="","",SUMPRODUCT(--ISNUMBER(SEARCH(SpeakerKW,$K22)))>0) -> FALSE | Q22: =IF($B22="","",OR(SUMPRODUCT(--ISNUMBER(SEARCH(EmptyKW,$K22)))>0,LOWER(TRIM($F22))="empty")) -> FALSE | R22: =IF($B22="","",OR(ISNUMBER(SEARCH("repair",$G22)),ISNUMBER(SEARCH("not working",$G22)))) -> TRUE | S22: =IF(AND($B22<>"",$M22=TRUE(),$L22=FALSE(),$Q22=FALSE()),COUNTIFS($M$3:$M22,TRUE(),$L$3:$L22,FALSE(),$Q$3:$Q22,FALSE()),"") | T22: =IF($B22="","",IF($Q22=TRUE(),"U1",IF($L22=TRUE(),"S1",IF($M22=TRUE(),"D"&MIN(4,INT(($S22-1)/DisplayCapacity)+1),IF($N22=TRUE(),"K1",IF($O22=TRUE(),"P1",IF($P22=TRUE(),"U1",IF($R22=TRUE(),"U1","W")))))))) -> S1 | U22: =IF($T22="","",$T22&"-"&COUNTIF($T$3:T22,$T22)) -> S1-2 | V22: =IF($B22="","",_xlfn.TEXTJOIN(" | ",TRUE(),IF($Q22=TRUE(),"Empty box - no physical device, verify status",""),IF(AND($P22=TRUE(),$L22=FALSE(),$M22=FALSE(),$N22=FALSE(),$O22=FALSE(),$Q22=FALSE()),"Speaker fault only - needs manual box assignment",""),IF(AND($R22=TRUE(),$L22=FALSE(),$M22=FALSE(),$N22=FALSE(),$O22=FALSE(),$P22=FALSE(),$Q22=FALSE()),"No fault detail given - needs technician inspection",""),IF(AND(COUNTIF($F$3:$F$252,$F22)>1,LOWER(TRIM($F22))<>"empty"),"Duplicate Serial No - verify device identity",""),IF((--$L22+--$M22+--$N22+--$O22+--$P22)>1,"Multiple fault types detected - review full details before repair",""))) -> Multiple fault types detected - review full details before repair | W22: 0
A23: 21 | B23: 46240.498 | C23: TX628 | D23: =IF($B23="","",IFERROR(VLOOKUP(TRIM($C23),ModelMap,2,FALSE()),TRIM($C23))) -> TX628 | E23: Anuradhapura | F23: 6160062164904 | G23: Working | J23: Colour | K23: =IF($B23="","",LOWER(TRIM($G23)&" | "&TRIM($H23)&" | "&TRIM($I23))) -> working | | | L23: =IF($B23="","",SUMPRODUCT(--ISNUMBER(SEARCH(SensorKW,$K23)))>0) -> FALSE | M23: =IF($B23="","",SUMPRODUCT(--ISNUMBER(SEARCH(DisplayKW,$K23)))>0) -> FALSE | N23: =IF($B23="","",SUMPRODUCT(--ISNUMBER(SEARCH(KeypadKW,$K23)))>0) -> FALSE | O23: =IF($B23="","",SUMPRODUCT(--ISNUMBER(SEARCH(PowerKW,$K23)))>0) -> FALSE | P23: =IF($B23="","",SUMPRODUCT(--ISNUMBER(SEARCH(SpeakerKW,$K23)))>0) -> FALSE | Q23: =IF($B23="","",OR(SUMPRODUCT(--ISNUMBER(SEARCH(EmptyKW,$K23)))>0,LOWER(TRIM($F23))="empty")) -> FALSE | R23: =IF($B23="","",OR(ISNUMBER(SEARCH("repair",$G23)),ISNUMBER(SEARCH("not working",$G23)))) -> FALSE | S23: =IF(AND($B23<>"",$M23=TRUE(),$L23=FALSE(),$Q23=FALSE()),COUNTIFS($M$3:$M23,TRUE(),$L$3:$L23,FALSE(),$Q$3:$Q23,FALSE()),"") | T23: =IF($B23="","",IF($Q23=TRUE(),"U1",IF($L23=TRUE(),"S1",IF($M23=TRUE(),"D"&MIN(4,INT(($S23-1)/DisplayCapacity)+1),IF($N23=TRUE(),"K1",IF($O23=TRUE(),"P1",IF($P23=TRUE(),"U1",IF($R23=TRUE(),"U1","W")))))))) -> W | U23: =IF($T23="","",$T23&"-"&COUNTIF($T$3:T23,$T23)) -> W-11 | V23: =IF($B23="","",_xlfn.TEXTJOIN(" | ",TRUE(),IF($Q23=TRUE(),"Empty box - no physical device, verify status",""),IF(AND($P23=TRUE(),$L23=FALSE(),$M23=FALSE(),$N23=FALSE(),$O23=FALSE(),$Q23=FALSE()),"Speaker fault only - needs manual box assignment",""),IF(AND($R23=TRUE(),$L23=FALSE(),$M23=FALSE(),$N23=FALSE(),$O23=FALSE(),$P23=FALSE(),$Q23=FALSE()),"No fault detail given - needs technician inspection",""),IF(AND(COUNTIF($F$3:$F$252,$F23)>1,LOWER(TRIM($F23))<>"empty"),"Duplicate Serial No - verify device identity",""),IF((--$L23+--$M23+--$N23+--$O23+--$P23)>1,"Multiple fault types detected - review full details before repair",""))) | W23: 0
A24: 22 | B24: 46240.503 | C24: X628 | D24: =IF($B24="","",IFERROR(VLOOKUP(TRIM($C24),ModelMap,2,FALSE()),TRIM($C24))) -> X628 | E24: Kappetipola | F24: CDQ9224660008 | G24: Working, Have to Repair | H24: No Sensor | J24: Colour | K24: =IF($B24="","",LOWER(TRIM($G24)&" | "&TRIM($H24)&" | "&TRIM($I24))) -> working, have to repair | no sensor | | L24: =IF($B24="","",SUMPRODUCT(--ISNUMBER(SEARCH(SensorKW,$K24)))>0) -> TRUE | M24: =IF($B24="","",SUMPRODUCT(--ISNUMBER(SEARCH(DisplayKW,$K24)))>0) -> FALSE | N24: =IF($B24="","",SUMPRODUCT(--ISNUMBER(SEARCH(KeypadKW,$K24)))>0) -> FALSE | O24: =IF($B24="","",SUMPRODUCT(--ISNUMBER(SEARCH(PowerKW,$K24)))>0) -> FALSE | P24: =IF($B24="","",SUMPRODUCT(--ISNUMBER(SEARCH(SpeakerKW,$K24)))>0) -> FALSE | Q24: =IF($B24="","",OR(SUMPRODUCT(--ISNUMBER(SEARCH(EmptyKW,$K24)))>0,LOWER(TRIM($F24))="empty")) -> FALSE | R24: =IF($B24="","",OR(ISNUMBER(SEARCH("repair",$G24)),ISNUMBER(SEARCH("not working",$G24)))) -> TRUE | S24: =IF(AND($B24<>"",$M24=TRUE(),$L24=FALSE(),$Q24=FALSE()),COUNTIFS($M$3:$M24,TRUE(),$L$3:$L24,FALSE(),$Q$3:$Q24,FALSE()),"") | T24: =IF($B24="","",IF($Q24=TRUE(),"U1",IF($L24=TRUE(),"S1",IF($M24=TRUE(),"D"&MIN(4,INT(($S24-1)/DisplayCapacity)+1),IF($N24=TRUE(),"K1",IF($O24=TRUE(),"P1",IF($P24=TRUE(),"U1",IF($R24=TRUE(),"U1","W")))))))) -> S1 | U24: =IF($T24="","",$T24&"-"&COUNTIF($T$3:T24,$T24)) -> S1-3 | V24: =IF($B24="","",_xlfn.TEXTJOIN(" | ",TRUE(),IF($Q24=TRUE(),"Empty box - no physical device, verify status",""),IF(AND($P24=TRUE(),$L24=FALSE(),$M24=FALSE(),$N24=FALSE(),$O24=FALSE(),$Q24=FALSE()),"Speaker fault only - needs manual box assignment",""),IF(AND($R24=TRUE(),$L24=FALSE(),$M24=FALSE(),$N24=FALSE(),$O24=FALSE(),$P24=FALSE(),$Q24=FALSE()),"No fault detail given - needs technician inspection",""),IF(AND(COUNTIF($F$3:$F$252,$F24)>1,LOWER(TRIM($F24))<>"empty"),"Duplicate Serial No - verify device identity",""),IF((--$L24+--$M24+--$N24+--$O24+--$P24)>1,"Multiple fault types detected - review full details before repair",""))) | W24: 0
A25: 23 | B25: 46240.512 | C25: X628-C | D25: =IF($B25="","",IFERROR(VLOOKUP(TRIM($C25),ModelMap,2,FALSE()),TRIM($C25))) -> X628-C | E25: Piliyandala 02 | F25: 6335172500115 | G25: Working | J25: Colour | K25: =IF($B25="","",LOWER(TRIM($G25)&" | "&TRIM($H25)&" | "&TRIM($I25))) -> working | | | L25: =IF($B25="","",SUMPRODUCT(--ISNUMBER(SEARCH(SensorKW,$K25)))>0) -> FALSE | M25: =IF($B25="","",SUMPRODUCT(--ISNUMBER(SEARCH(DisplayKW,$K25)))>0) -> FALSE | N25: =IF($B25="","",SUMPRODUCT(--ISNUMBER(SEARCH(KeypadKW,$K25)))>0) -> FALSE | O25: =IF($B25="","",SUMPRODUCT(--ISNUMBER(SEARCH(PowerKW,$K25)))>0) -> FALSE | P25: =IF($B25="","",SUMPRODUCT(--ISNUMBER(SEARCH(SpeakerKW,$K25)))>0) -> FALSE | Q25: =IF($B25="","",OR(SUMPRODUCT(--ISNUMBER(SEARCH(EmptyKW,$K25)))>0,LOWER(TRIM($F25))="empty")) -> FALSE | R25: =IF($B25="","",OR(ISNUMBER(SEARCH("repair",$G25)),ISNUMBER(SEARCH("not working",$G25)))) -> FALSE | S25: =IF(AND($B25<>"",$M25=TRUE(),$L25=FALSE(),$Q25=FALSE()),COUNTIFS($M$3:$M25,TRUE(),$L$3:$L25,FALSE(),$Q$3:$Q25,FALSE()),"") | T25: =IF($B25="","",IF($Q25=TRUE(),"U1",IF($L25=TRUE(),"S1",IF($M25=TRUE(),"D"&MIN(4,INT(($S25-1)/DisplayCapacity)+1),IF($N25=TRUE(),"K1",IF($O25=TRUE(),"P1",IF($P25=TRUE(),"U1",IF($R25=TRUE(),"U1","W")))))))) -> W | U25: =IF($T25="","",$T25&"-"&COUNTIF($T$3:T25,$T25)) -> W-12 | V25: =IF($B25="","",_xlfn.TEXTJOIN(" | ",TRUE(),IF($Q25=TRUE(),"Empty box - no physical device, verify status",""),IF(AND($P25=TRUE(),$L25=FALSE(),$M25=FALSE(),$N25=FALSE(),$O25=FALSE(),$Q25=FALSE()),"Speaker fault only - needs manual box assignment",""),IF(AND($R25=TRUE(),$L25=FALSE(),$M25=FALSE(),$N25=FALSE(),$O25=FALSE(),$P25=FALSE(),$Q25=FALSE()),"No fault detail given - needs technician inspection",""),IF(AND(COUNTIF($F$3:$F$252,$F25)>1,LOWER(TRIM($F25))<>"empty"),"Duplicate Serial No - verify device identity",""),IF((--$L25+--$M25+--$N25+--$O25+--$P25)>1,"Multiple fault types detected - review full details before repair",""))) | W25: 0
A26: 24 | B26: 46240.514 | C26: X628 | D26: =IF($B26="","",IFERROR(VLOOKUP(TRIM($C26),ModelMap,2,FALSE()),TRIM($C26))) -> X628 | E26: Mathale | F26: A5RN173460004 | G26: Working | J26: Colour | K26: =IF($B26="","",LOWER(TRIM($G26)&" | "&TRIM($H26)&" | "&TRIM($I26))) -> working | | | L26: =IF($B26="","",SUMPRODUCT(--ISNUMBER(SEARCH(SensorKW,$K26)))>0) -> FALSE | M26: =IF($B26="","",SUMPRODUCT(--ISNUMBER(SEARCH(DisplayKW,$K26)))>0) -> FALSE | N26: =IF($B26="","",SUMPRODUCT(--ISNUMBER(SEARCH(KeypadKW,$K26)))>0) -> FALSE | O26: =IF($B26="","",SUMPRODUCT(--ISNUMBER(SEARCH(PowerKW,$K26)))>0) -> FALSE | P26: =IF($B26="","",SUMPRODUCT(--ISNUMBER(SEARCH(SpeakerKW,$K26)))>0) -> FALSE | Q26: =IF($B26="","",OR(SUMPRODUCT(--ISNUMBER(SEARCH(EmptyKW,$K26)))>0,LOWER(TRIM($F26))="empty")) -> FALSE | R26: =IF($B26="","",OR(ISNUMBER(SEARCH("repair",$G26)),ISNUMBER(SEARCH("not working",$G26)))) -> FALSE | S26: =IF(AND($B26<>"",$M26=TRUE(),$L26=FALSE(),$Q26=FALSE()),COUNTIFS($M$3:$M26,TRUE(),$L$3:$L26,FALSE(),$Q$3:$Q26,FALSE()),"") | T26: =IF($B26="","",IF($Q26=TRUE(),"U1",IF($L26=TRUE(),"S1",IF($M26=TRUE(),"D"&MIN(4,INT(($S26-1)/DisplayCapacity)+1),IF($N26=TRUE(),"K1",IF($O26=TRUE(),"P1",IF($P26=TRUE(),"U1",IF($R26=TRUE(),"U1","W")))))))) -> W | U26: =IF($T26="","",$T26&"-"&COUNTIF($T$3:T26,$T26)) -> W-13 | V26: =IF($B26="","",_xlfn.TEXTJOIN(" | ",TRUE(),IF($Q26=TRUE(),"Empty box - no physical device, verify status",""),IF(AND($P26=TRUE(),$L26=FALSE(),$M26=FALSE(),$N26=FALSE(),$O26=FALSE(),$Q26=FALSE()),"Speaker fault only - needs manual box assignment",""),IF(AND($R26=TRUE(),$L26=FALSE(),$M26=FALSE(),$N26=FALSE(),$O26=FALSE(),$P26=FALSE(),$Q26=FALSE()),"No fault detail given - needs technician inspection",""),IF(AND(COUNTIF($F$3:$F$252,$F26)>1,LOWER(TRIM($F26))<>"empty"),"Duplicate Serial No - verify device identity",""),IF((--$L26+--$M26+--$N26+--$O26+--$P26)>1,"Multiple fault types detected - review full details before repair",""))) | W26: 0
A27: 25 | B27: 46240.517 | C27: X628-C | D27: =IF($B27="","",IFERROR(VLOOKUP(TRIM($C27),ModelMap,2,FALSE()),TRIM($C27))) -> X628-C | E27: Kesbewa 02 | F27: 6006165100002 | G27: Working, Have to Repair | H27: Sensor is not working | J27: Colour | K27: =IF($B27="","",LOWER(TRIM($G27)&" | "&TRIM($H27)&" | "&TRIM($I27))) -> working, have to repair | sensor is not working | | L27: =IF($B27="","",SUMPRODUCT(--ISNUMBER(SEARCH(SensorKW,$K27)))>0) -> TRUE | M27: =IF($B27="","",SUMPRODUCT(--ISNUMBER(SEARCH(DisplayKW,$K27)))>0) -> FALSE | N27: =IF($B27="","",SUMPRODUCT(--ISNUMBER(SEARCH(KeypadKW,$K27)))>0) -> FALSE | O27: =IF($B27="","",SUMPRODUCT(--ISNUMBER(SEARCH(PowerKW,$K27)))>0) -> FALSE | P27: =IF($B27="","",SUMPRODUCT(--ISNUMBER(SEARCH(SpeakerKW,$K27)))>0) -> FALSE | Q27: =IF($B27="","",OR(SUMPRODUCT(--ISNUMBER(SEARCH(EmptyKW,$K27)))>0,LOWER(TRIM($F27))="empty")) -> FALSE | R27: =IF($B27="","",OR(ISNUMBER(SEARCH("repair",$G27)),ISNUMBER(SEARCH("not working",$G27)))) -> TRUE | S27: =IF(AND($B27<>"",$M27=TRUE(),$L27=FALSE(),$Q27=FALSE()),COUNTIFS($M$3:$M27,TRUE(),$L$3:$L27,FALSE(),$Q$3:$Q27,FALSE()),"") | T27: =IF($B27="","",IF($Q27=TRUE(),"U1",IF($L27=TRUE(),"S1",IF($M27=TRUE(),"D"&MIN(4,INT(($S27-1)/DisplayCapacity)+1),IF($N27=TRUE(),"K1",IF($O27=TRUE(),"P1",IF($P27=TRUE(),"U1",IF($R27=TRUE(),"U1","W")))))))) -> S1 | U27: =IF($T27="","",$T27&"-"&COUNTIF($T$3:T27,$T27)) -> S1-4 | V27: =IF($B27="","",_xlfn.TEXTJOIN(" | ",TRUE(),IF($Q27=TRUE(),"Empty box - no physical device, verify status",""),IF(AND($P27=TRUE(),$L27=FALSE(),$M27=FALSE(),$N27=FALSE(),$O27=FALSE(),$Q27=FALSE()),"Speaker fault only - needs manual box assignment",""),IF(AND($R27=TRUE(),$L27=FALSE(),$M27=FALSE(),$N27=FALSE(),$O27=FALSE(),$P27=FALSE(),$Q27=FALSE()),"No fault detail given - needs technician inspection",""),IF(AND(COUNTIF($F$3:$F$252,$F27)>1,LOWER(TRIM($F27))<>"empty"),"Duplicate Serial No - verify device identity",""),IF((--$L27+--$M27+--$N27+--$O27+--$P27)>1,"Multiple fault types detected - review full details before repair",""))) -> Duplicate Serial No - verify device identity | W27: 0
A28: 26 | B28: 46240.521 | C28: X628 | D28: =IF($B28="","",IFERROR(VLOOKUP(TRIM($C28),ModelMap,2,FALSE()),TRIM($C28))) -> X628 | E28: Mathale 02 | F28: 6335183600001 | G28: Working | J28: Colour | K28: =IF($B28="","",LOWER(TRIM($G28)&" | "&TRIM($H28)&" | "&TRIM($I28))) -> working | | | L28: =IF($B28="","",SUMPRODUCT(--ISNUMBER(SEARCH(SensorKW,$K28)))>0) -> FALSE | M28: =IF($B28="","",SUMPRODUCT(--ISNUMBER(SEARCH(DisplayKW,$K28)))>0) -> FALSE | N28: =IF($B28="","",SUMPRODUCT(--ISNUMBER(SEARCH(KeypadKW,$K28)))>0) -> FALSE | O28: =IF($B28="","",SUMPRODUCT(--ISNUMBER(SEARCH(PowerKW,$K28)))>0) -> FALSE | P28: =IF($B28="","",SUMPRODUCT(--ISNUMBER(SEARCH(SpeakerKW,$K28)))>0) -> FALSE | Q28: =IF($B28="","",OR(SUMPRODUCT(--ISNUMBER(SEARCH(EmptyKW,$K28)))>0,LOWER(TRIM($F28))="empty")) -> FALSE | R28: =IF($B28="","",OR(ISNUMBER(SEARCH("repair",$G28)),ISNUMBER(SEARCH("not working",$G28)))) -> FALSE | S28: =IF(AND($B28<>"",$M28=TRUE(),$L28=FALSE(),$Q28=FALSE()),COUNTIFS($M$3:$M28,TRUE(),$L$3:$L28,FALSE(),$Q$3:$Q28,FALSE()),"") | T28: =IF($B28="","",IF($Q28=TRUE(),"U1",IF($L28=TRUE(),"S1",IF($M28=TRUE(),"D"&MIN(4,INT(($S28-1)/DisplayCapacity)+1),IF($N28=TRUE(),"K1",IF($O28=TRUE(),"P1",IF($P28=TRUE(),"U1",IF($R28=TRUE(),"U1","W")))))))) -> W | U28: =IF($T28="","",$T28&"-"&COUNTIF($T$3:T28,$T28)) -> W-14 | V28: =IF($B28="","",_xlfn.TEXTJOIN(" | ",TRUE(),IF($Q28=TRUE(),"Empty box - no physical device, verify status",""),IF(AND($P28=TRUE(),$L28=FALSE(),$M28=FALSE(),$N28=FALSE(),$O28=FALSE(),$Q28=FALSE()),"Speaker fault only - needs manual box assignment",""),IF(AND($R28=TRUE(),$L28=FALSE(),$M28=FALSE(),$N28=FALSE(),$O28=FALSE(),$P28=FALSE(),$Q28=FALSE()),"No fault detail given - needs technician inspection",""),IF(AND(COUNTIF($F$3:$F$252,$F28)>1,LOWER(TRIM($F28))<>"empty"),"Duplicate Serial No - verify device identity",""),IF((--$L28+--$M28+--$N28+--$O28+--$P28)>1,"Multiple fault types detected - review full details before repair",""))) | W28: 0
A29: 27 | B29: 46240.524 | C29: X628-C | D29: =IF($B29="","",IFERROR(VLOOKUP(TRIM($C29),ModelMap,2,FALSE()),TRIM($C29))) -> X628-C | E29: Seeduwa | F29: CDQ9193960103 | G29: Working, Have to Repair | H29: Sensor is not working and also have power issue some times | J29: Colour | K29: =IF($B29="","",LOWER(TRIM($G29)&" | "&TRIM($H29)&" | "&TRIM($I29))) -> working, have to repair | sensor is not working and also have power issue some times | | L29: =IF($B29="","",SUMPRODUCT(--ISNUMBER(SEARCH(SensorKW,$K29)))>0) -> TRUE | M29: =IF($B29="","",SUMPRODUCT(--ISNUMBER(SEARCH(DisplayKW,$K29)))>0) -> FALSE | N29: =IF($B29="","",SUMPRODUCT(--ISNUMBER(SEARCH(KeypadKW,$K29)))>0) -> FALSE | O29: =IF($B29="","",SUMPRODUCT(--ISNUMBER(SEARCH(PowerKW,$K29)))>0) -> TRUE | P29: =IF($B29="","",SUMPRODUCT(--ISNUMBER(SEARCH(SpeakerKW,$K29)))>0) -> FALSE | Q29: =IF($B29="","",OR(SUMPRODUCT(--ISNUMBER(SEARCH(EmptyKW,$K29)))>0,LOWER(TRIM($F29))="empty")) -> FALSE | R29: =IF($B29="","",OR(ISNUMBER(SEARCH("repair",$G29)),ISNUMBER(SEARCH("not working",$G29)))) -> TRUE | S29: =IF(AND($B29<>"",$M29=TRUE(),$L29=FALSE(),$Q29=FALSE()),COUNTIFS($M$3:$M29,TRUE(),$L$3:$L29,FALSE(),$Q$3:$Q29,FALSE()),"") | T29: =IF($B29="","",IF($Q29=TRUE(),"U1",IF($L29=TRUE(),"S1",IF($M29=TRUE(),"D"&MIN(4,INT(($S29-1)/DisplayCapacity)+1),IF($N29=TRUE(),"K1",IF($O29=TRUE(),"P1",IF($P29=TRUE(),"U1",IF($R29=TRUE(),"U1","W")))))))) -> S1 | U29: =IF($T29="","",$T29&"-"&COUNTIF($T$3:T29,$T29)) -> S1-5 | V29: =IF($B29="","",_xlfn.TEXTJOIN(" | ",TRUE(),IF($Q29=TRUE(),"Empty box - no physical device, verify status",""),IF(AND($P29=TRUE(),$L29=FALSE(),$M29=FALSE(),$N29=FALSE(),$O29=FALSE(),$Q29=FALSE()),"Speaker fault only - needs manual box assignment",""),IF(AND($R29=TRUE(),$L29=FALSE(),$M29=FALSE(),$N29=FALSE(),$O29=FALSE(),$P29=FALSE(),$Q29=FALSE()),"No fault detail given - needs technician inspection",""),IF(AND(COUNTIF($F$3:$F$252,$F29)>1,LOWER(TRIM($F29))<>"empty"),"Duplicate Serial No - verify device identity",""),IF((--$L29+--$M29+--$N29+--$O29+--$P29)>1,"Multiple fault types detected - review full details before repair",""))) -> Multiple fault types detected - review full details before repair | W29: 0
A30: 28 | B30: 46240.529 | C30: X628-C | D30: =IF($B30="","",IFERROR(VLOOKUP(TRIM($C30),ModelMap,2,FALSE()),TRIM($C30))) -> X628-C | E30: Shangri La | F30: CDQ9191460006 | G30: Working | J30: Colour | K30: =IF($B30="","",LOWER(TRIM($G30)&" | "&TRIM($H30)&" | "&TRIM($I30))) -> working | | | L30: =IF($B30="","",SUMPRODUCT(--ISNUMBER(SEARCH(SensorKW,$K30)))>0) -> FALSE | M30: =IF($B30="","",SUMPRODUCT(--ISNUMBER(SEARCH(DisplayKW,$K30)))>0) -> FALSE | N30: =IF($B30="","",SUMPRODUCT(--ISNUMBER(SEARCH(KeypadKW,$K30)))>0) -> FALSE | O30: =IF($B30="","",SUMPRODUCT(--ISNUMBER(SEARCH(PowerKW,$K30)))>0) -> FALSE | P30: =IF($B30="","",SUMPRODUCT(--ISNUMBER(SEARCH(SpeakerKW,$K30)))>0) -> FALSE | Q30: =IF($B30="","",OR(SUMPRODUCT(--ISNUMBER(SEARCH(EmptyKW,$K30)))>0,LOWER(TRIM($F30))="empty")) -> FALSE | R30: =IF($B30="","",OR(ISNUMBER(SEARCH("repair",$G30)),ISNUMBER(SEARCH("not working",$G30)))) -> FALSE | S30: =IF(AND($B30<>"",$M30=TRUE(),$L30=FALSE(),$Q30=FALSE()),COUNTIFS($M$3:$M30,TRUE(),$L$3:$L30,FALSE(),$Q$3:$Q30,FALSE()),"") | T30: =IF($B30="","",IF($Q30=TRUE(),"U1",IF($L30=TRUE(),"S1",IF($M30=TRUE(),"D"&MIN(4,INT(($S30-1)/DisplayCapacity)+1),IF($N30=TRUE(),"K1",IF($O30=TRUE(),"P1",IF($P30=TRUE(),"U1",IF($R30=TRUE(),"U1","W")))))))) -> W | U30: =IF($T30="","",$T30&"-"&COUNTIF($T$3:T30,$T30)) -> W-15 | V30: =IF($B30="","",_xlfn.TEXTJOIN(" | ",TRUE(),IF($Q30=TRUE(),"Empty box - no physical device, verify status",""),IF(AND($P30=TRUE(),$L30=FALSE(),$M30=FALSE(),$N30=FALSE(),$O30=FALSE(),$Q30=FALSE()),"Speaker fault only - needs manual box assignment",""),IF(AND($R30=TRUE(),$L30=FALSE(),$M30=FALSE(),$N30=FALSE(),$O30=FALSE(),$P30=FALSE(),$Q30=FALSE()),"No fault detail given - needs technician inspection",""),IF(AND(COUNTIF($F$3:$F$252,$F30)>1,LOWER(TRIM($F30))<>"empty"),"Duplicate Serial No - verify device identity",""),IF((--$L30+--$M30+--$N30+--$O30+--$P30)>1,"Multiple fault types detected - review full details before repair",""))) | W30: 0
A31: 29 | B31: 46240.53 | C31: X628 | D31: =IF($B31="","",IFERROR(VLOOKUP(TRIM($C31),ModelMap,2,FALSE()),TRIM($C31))) -> X628 | E31: Katugasthota 02 | F31: 6006171200004 | G31: Working | J31: Black & White | K31: =IF($B31="","",LOWER(TRIM($G31)&" | "&TRIM($H31)&" | "&TRIM($I31))) -> working | | | L31: =IF($B31="","",SUMPRODUCT(--ISNUMBER(SEARCH(SensorKW,$K31)))>0) -> FALSE | M31: =IF($B31="","",SUMPRODUCT(--ISNUMBER(SEARCH(DisplayKW,$K31)))>0) -> FALSE | N31: =IF($B31="","",SUMPRODUCT(--ISNUMBER(SEARCH(KeypadKW,$K31)))>0) -> FALSE | O31: =IF($B31="","",SUMPRODUCT(--ISNUMBER(SEARCH(PowerKW,$K31)))>0) -> FALSE | P31: =IF($B31="","",SUMPRODUCT(--ISNUMBER(SEARCH(SpeakerKW,$K31)))>0) -> FALSE | Q31: =IF($B31="","",OR(SUMPRODUCT(--ISNUMBER(SEARCH(EmptyKW,$K31)))>0,LOWER(TRIM($F31))="empty")) -> FALSE | R31: =IF($B31="","",OR(ISNUMBER(SEARCH("repair",$G31)),ISNUMBER(SEARCH("not working",$G31)))) -> FALSE | S31: =IF(AND($B31<>"",$M31=TRUE(),$L31=FALSE(),$Q31=FALSE()),COUNTIFS($M$3:$M31,TRUE(),$L$3:$L31,FALSE(),$Q$3:$Q31,FALSE()),"") | T31: =IF($B31="","",IF($Q31=TRUE(),"U1",IF($L31=TRUE(),"S1",IF($M31=TRUE(),"D"&MIN(4,INT(($S31-1)/DisplayCapacity)+1),IF($N31=TRUE(),"K1",IF($O31=TRUE(),"P1",IF($P31=TRUE(),"U1",IF($R31=TRUE(),"U1","W")))))))) -> W | U31: =IF($T31="","",$T31&"-"&COUNTIF($T$3:T31,$T31)) -> W-16 | V31: =IF($B31="","",_xlfn.TEXTJOIN(" | ",TRUE(),IF($Q31=TRUE(),"Empty box - no physical device, verify status",""),IF(AND($P31=TRUE(),$L31=FALSE(),$M31=FALSE(),$N31=FALSE(),$O31=FALSE(),$Q31=FALSE()),"Speaker fault only - needs manual box assignment",""),IF(AND($R31=TRUE(),$L31=FALSE(),$M31=FALSE(),$N31=FALSE(),$O31=FALSE(),$P31=FALSE(),$Q31=FALSE()),"No fault detail given - needs technician inspection",""),IF(AND(COUNTIF($F$3:$F$252,$F31)>1,LOWER(TRIM($F31))<>"empty"),"Duplicate Serial No - verify device identity",""),IF((--$L31+--$M31+--$N31+--$O31+--$P31)>1,"Multiple fault types detected - review full details before repair",""))) | W31: 0
A32: 30 | B32: 46240.535 | C32: X628-C | D32: =IF($B32="","",IFERROR(VLOOKUP(TRIM($C32),ModelMap,2,FALSE()),TRIM($C32))) -> X628-C | E32: Pallekele | F32: AEG8244700002 | G32: Working, Have to Repair | H32: No sensor and also have power issue some time device is off automatically | J32: Colour | K32: =IF($B32="","",LOWER(TRIM($G32)&" | "&TRIM($H32)&" | "&TRIM($I32))) -> working, have to repair | no sensor and also have power issue some time device is off automatically | | L32: =IF($B32="","",SUMPRODUCT(--ISNUMBER(SEARCH(SensorKW,$K32)))>0) -> TRUE | M32: =IF($B32="","",SUMPRODUCT(--ISNUMBER(SEARCH(DisplayKW,$K32)))>0) -> FALSE | N32: =IF($B32="","",SUMPRODUCT(--ISNUMBER(SEARCH(KeypadKW,$K32)))>0) -> FALSE | O32: =IF($B32="","",SUMPRODUCT(--ISNUMBER(SEARCH(PowerKW,$K32)))>0) -> TRUE | P32: =IF($B32="","",SUMPRODUCT(--ISNUMBER(SEARCH(SpeakerKW,$K32)))>0) -> FALSE | Q32: =IF($B32="","",OR(SUMPRODUCT(--ISNUMBER(SEARCH(EmptyKW,$K32)))>0,LOWER(TRIM($F32))="empty")) -> FALSE | R32: =IF($B32="","",OR(ISNUMBER(SEARCH("repair",$G32)),ISNUMBER(SEARCH("not working",$G32)))) -> TRUE | S32: =IF(AND($B32<>"",$M32=TRUE(),$L32=FALSE(),$Q32=FALSE()),COUNTIFS($M$3:$M32,TRUE(),$L$3:$L32,FALSE(),$Q$3:$Q32,FALSE()),"") | T32: =IF($B32="","",IF($Q32=TRUE(),"U1",IF($L32=TRUE(),"S1",IF($M32=TRUE(),"D"&MIN(4,INT(($S32-1)/DisplayCapacity)+1),IF($N32=TRUE(),"K1",IF($O32=TRUE(),"P1",IF($P32=TRUE(),"U1",IF($R32=TRUE(),"U1","W")))))))) -> S1 | U32: =IF($T32="","",$T32&"-"&COUNTIF($T$3:T32,$T32)) -> S1-6 | V32: =IF($B32="","",_xlfn.TEXTJOIN(" | ",TRUE(),IF($Q32=TRUE(),"Empty box - no physical device, verify status",""),IF(AND($P32=TRUE(),$L32=FALSE(),$M32=FALSE(),$N32=FALSE(),$O32=FALSE(),$Q32=FALSE()),"Speaker fault only - needs manual box assignment",""),IF(AND($R32=TRUE(),$L32=FALSE(),$M32=FALSE(),$N32=FALSE(),$O32=FALSE(),$P32=FALSE(),$Q32=FALSE()),"No fault detail given - needs technician inspection",""),IF(AND(COUNTIF($F$3:$F$252,$F32)>1,LOWER(TRIM($F32))<>"empty"),"Duplicate Serial No - verify device identity",""),IF((--$L32+--$M32+--$N32+--$O32+--$P32)>1,"Multiple fault types detected - review full details before repair",""))) -> Multiple fault types detected - review full details before repair | W32: 0
A33: 31 | B33: 46240.535 | C33: X628 | D33: =IF($B33="","",IFERROR(VLOOKUP(TRIM($C33),ModelMap,2,FALSE()),TRIM($C33))) -> X628 | E33: Katugasthota | F33: 6006173400006 | G33: Working | J33: Black & White | K33: =IF($B33="","",LOWER(TRIM($G33)&" | "&TRIM($H33)&" | "&TRIM($I33))) -> working | | | L33: =IF($B33="","",SUMPRODUCT(--ISNUMBER(SEARCH(SensorKW,$K33)))>0) -> FALSE | M33: =IF($B33="","",SUMPRODUCT(--ISNUMBER(SEARCH(DisplayKW,$K33)))>0) -> FALSE | N33: =IF($B33="","",SUMPRODUCT(--ISNUMBER(SEARCH(KeypadKW,$K33)))>0) -> FALSE | O33: =IF($B33="","",SUMPRODUCT(--ISNUMBER(SEARCH(PowerKW,$K33)))>0) -> FALSE | P33: =IF($B33="","",SUMPRODUCT(--ISNUMBER(SEARCH(SpeakerKW,$K33)))>0) -> FALSE | Q33: =IF($B33="","",OR(SUMPRODUCT(--ISNUMBER(SEARCH(EmptyKW,$K33)))>0,LOWER(TRIM($F33))="empty")) -> FALSE | R33: =IF($B33="","",OR(ISNUMBER(SEARCH("repair",$G33)),ISNUMBER(SEARCH("not working",$G33)))) -> FALSE | S33: =IF(AND($B33<>"",$M33=TRUE(),$L33=FALSE(),$Q33=FALSE()),COUNTIFS($M$3:$M33,TRUE(),$L$3:$L33,FALSE(),$Q$3:$Q33,FALSE()),"") | T33: =IF($B33="","",IF($Q33=TRUE(),"U1",IF($L33=TRUE(),"S1",IF($M33=TRUE(),"D"&MIN(4,INT(($S33-1)/DisplayCapacity)+1),IF($N33=TRUE(),"K1",IF($O33=TRUE(),"P1",IF($P33=TRUE(),"U1",IF($R33=TRUE(),"U1","W")))))))) -> W | U33: =IF($T33="","",$T33&"-"&COUNTIF($T$3:T33,$T33)) -> W-17 | V33: =IF($B33="","",_xlfn.TEXTJOIN(" | ",TRUE(),IF($Q33=TRUE(),"Empty box - no physical device, verify status",""),IF(AND($P33=TRUE(),$L33=FALSE(),$M33=FALSE(),$N33=FALSE(),$O33=FALSE(),$Q33=FALSE()),"Speaker fault only - needs manual box assignment",""),IF(AND($R33=TRUE(),$L33=FALSE(),$M33=FALSE(),$N33=FALSE(),$O33=FALSE(),$P33=FALSE(),$Q33=FALSE()),"No fault detail given - needs technician inspection",""),IF(AND(COUNTIF($F$3:$F$252,$F33)>1,LOWER(TRIM($F33))<>"empty"),"Duplicate Serial No - verify device identity",""),IF((--$L33+--$M33+--$N33+--$O33+--$P33)>1,"Multiple fault types detected - review full details before repair",""))) | W33: 0
A34: 32 | B34: 46240.54 | C34: X628-C | D34: =IF($B34="","",IFERROR(VLOOKUP(TRIM($C34),ModelMap,2,FALSE()),TRIM($C34))) -> X628-C | E34: Thangalle | F34: CDQ9193960101 | G34: Working, Have to Repair | H34: Sensor is not working | J34: Colour | K34: =IF($B34="","",LOWER(TRIM($G34)&" | "&TRIM($H34)&" | "&TRIM($I34))) -> working, have to repair | sensor is not working | | L34: =IF($B34="","",SUMPRODUCT(--ISNUMBER(SEARCH(SensorKW,$K34)))>0) -> TRUE | M34: =IF($B34="","",SUMPRODUCT(--ISNUMBER(SEARCH(DisplayKW,$K34)))>0) -> FALSE | N34: =IF($B34="","",SUMPRODUCT(--ISNUMBER(SEARCH(KeypadKW,$K34)))>0) -> FALSE | O34: =IF($B34="","",SUMPRODUCT(--ISNUMBER(SEARCH(PowerKW,$K34)))>0) -> FALSE | P34: =IF($B34="","",SUMPRODUCT(--ISNUMBER(SEARCH(SpeakerKW,$K34)))>0) -> FALSE | Q34: =IF($B34="","",OR(SUMPRODUCT(--ISNUMBER(SEARCH(EmptyKW,$K34)))>0,LOWER(TRIM($F34))="empty")) -> FALSE | R34: =IF($B34="","",OR(ISNUMBER(SEARCH("repair",$G34)),ISNUMBER(SEARCH("not working",$G34)))) -> TRUE | S34: =IF(AND($B34<>"",$M34=TRUE(),$L34=FALSE(),$Q34=FALSE()),COUNTIFS($M$3:$M34,TRUE(),$L$3:$L34,FALSE(),$Q$3:$Q34,FALSE()),"") | T34: =IF($B34="","",IF($Q34=TRUE(),"U1",IF($L34=TRUE(),"S1",IF($M34=TRUE(),"D"&MIN(4,INT(($S34-1)/DisplayCapacity)+1),IF($N34=TRUE(),"K1",IF($O34=TRUE(),"P1",IF($P34=TRUE(),"U1",IF($R34=TRUE(),"U1","W")))))))) -> S1 | U34: =IF($T34="","",$T34&"-"&COUNTIF($T$3:T34,$T34)) -> S1-7 | V34: =IF($B34="","",_xlfn.TEXTJOIN(" | ",TRUE(),IF($Q34=TRUE(),"Empty box - no physical device, verify status",""),IF(AND($P34=TRUE(),$L34=FALSE(),$M34=FALSE(),$N34=FALSE(),$O34=FALSE(),$Q34=FALSE()),"Speaker fault only - needs manual box assignment",""),IF(AND($R34=TRUE(),$L34=FALSE(),$M34=FALSE(),$N34=FALSE(),$O34=FALSE(),$P34=FALSE(),$Q34=FALSE()),"No fault detail given - needs technician inspection",""),IF(AND(COUNTIF($F$3:$F$252,$F34)>1,LOWER(TRIM($F34))<>"empty"),"Duplicate Serial No - verify device identity",""),IF((--$L34+--$M34+--$N34+--$O34+--$P34)>1,"Multiple fault types detected - review full details before repair",""))) | W34: 0
A35: 33 | B35: 46240.541 | C35: X628 | D35: =IF($B35="","",IFERROR(VLOOKUP(TRIM($C35),ModelMap,2,FALSE()),TRIM($C35))) -> X628 | E35: Ja ela 02 | F35: AEG8243600001 | G35: Working | J35: Colour | K35: =IF($B35="","",LOWER(TRIM($G35)&" | "&TRIM($H35)&" | "&TRIM($I35))) -> working | | | L35: =IF($B35="","",SUMPRODUCT(--ISNUMBER(SEARCH(SensorKW,$K35)))>0) -> FALSE | M35: =IF($B35="","",SUMPRODUCT(--ISNUMBER(SEARCH(DisplayKW,$K35)))>0) -> FALSE | N35: =IF($B35="","",SUMPRODUCT(--ISNUMBER(SEARCH(KeypadKW,$K35)))>0) -> FALSE | O35: =IF($B35="","",SUMPRODUCT(--ISNUMBER(SEARCH(PowerKW,$K35)))>0) -> FALSE | P35: =IF($B35="","",SUMPRODUCT(--ISNUMBER(SEARCH(SpeakerKW,$K35)))>0) -> FALSE | Q35: =IF($B35="","",OR(SUMPRODUCT(--ISNUMBER(SEARCH(EmptyKW,$K35)))>0,LOWER(TRIM($F35))="empty")) -> FALSE | R35: =IF($B35="","",OR(ISNUMBER(SEARCH("repair",$G35)),ISNUMBER(SEARCH("not working",$G35)))) -> FALSE | S35: =IF(AND($B35<>"",$M35=TRUE(),$L35=FALSE(),$Q35=FALSE()),COUNTIFS($M$3:$M35,TRUE(),$L$3:$L35,FALSE(),$Q$3:$Q35,FALSE()),"") | T35: =IF($B35="","",IF($Q35=TRUE(),"U1",IF($L35=TRUE(),"S1",IF($M35=TRUE(),"D"&MIN(4,INT(($S35-1)/DisplayCapacity)+1),IF($N35=TRUE(),"K1",IF($O35=TRUE(),"P1",IF($P35=TRUE(),"U1",IF($R35=TRUE(),"U1","W")))))))) -> W | U35: =IF($T35="","",$T35&"-"&COUNTIF($T$3:T35,$T35)) -> W-18 | V35: =IF($B35="","",_xlfn.TEXTJOIN(" | ",TRUE(),IF($Q35=TRUE(),"Empty box - no physical device, verify status",""),IF(AND($P35=TRUE(),$L35=FALSE(),$M35=FALSE(),$N35=FALSE(),$O35=FALSE(),$Q35=FALSE()),"Speaker fault only - needs manual box assignment",""),IF(AND($R35=TRUE(),$L35=FALSE(),$M35=FALSE(),$N35=FALSE(),$O35=FALSE(),$P35=FALSE(),$Q35=FALSE()),"No fault detail given - needs technician inspection",""),IF(AND(COUNTIF($F$3:$F$252,$F35)>1,LOWER(TRIM($F35))<>"empty"),"Duplicate Serial No - verify device identity",""),IF((--$L35+--$M35+--$N35+--$O35+--$P35)>1,"Multiple fault types detected - review full details before repair",""))) | W35: 0
A36: 34 | B36: 46240.545 | C36: X628-C | D36: =IF($B36="","",IFERROR(VLOOKUP(TRIM($C36),ModelMap,2,FALSE()),TRIM($C36))) -> X628-C | E36: Mawanella | F36: CDQ9200760082 | G36: Working | J36: Colour | K36: =IF($B36="","",LOWER(TRIM($G36)&" | "&TRIM($H36)&" | "&TRIM($I36))) -> working | | | L36: =IF($B36="","",SUMPRODUCT(--ISNUMBER(SEARCH(SensorKW,$K36)))>0) -> FALSE | M36: =IF($B36="","",SUMPRODUCT(--ISNUMBER(SEARCH(DisplayKW,$K36)))>0) -> FALSE | N36: =IF($B36="","",SUMPRODUCT(--ISNUMBER(SEARCH(KeypadKW,$K36)))>0) -> FALSE | O36: =IF($B36="","",SUMPRODUCT(--ISNUMBER(SEARCH(PowerKW,$K36)))>0) -> FALSE | P36: =IF($B36="","",SUMPRODUCT(--ISNUMBER(SEARCH(SpeakerKW,$K36)))>0) -> FALSE | Q36: =IF($B36="","",OR(SUMPRODUCT(--ISNUMBER(SEARCH(EmptyKW,$K36)))>0,LOWER(TRIM($F36))="empty")) -> FALSE | R36: =IF($B36="","",OR(ISNUMBER(SEARCH("repair",$G36)),ISNUMBER(SEARCH("not working",$G36)))) -> FALSE | S36: =IF(AND($B36<>"",$M36=TRUE(),$L36=FALSE(),$Q36=FALSE()),COUNTIFS($M$3:$M36,TRUE(),$L$3:$L36,FALSE(),$Q$3:$Q36,FALSE()),"") | T36: =IF($B36="","",IF($Q36=TRUE(),"U1",IF($L36=TRUE(),"S1",IF($M36=TRUE(),"D"&MIN(4,INT(($S36-1)/DisplayCapacity)+1),IF($N36=TRUE(),"K1",IF($O36=TRUE(),"P1",IF($P36=TRUE(),"U1",IF($R36=TRUE(),"U1","W")))))))) -> W | U36: =IF($T36="","",$T36&"-"&COUNTIF($T$3:T36,$T36)) -> W-19 | V36: =IF($B36="","",_xlfn.TEXTJOIN(" | ",TRUE(),IF($Q36=TRUE(),"Empty box - no physical device, verify status",""),IF(AND($P36=TRUE(),$L36=FALSE(),$M36=FALSE(),$N36=FALSE(),$O36=FALSE(),$Q36=FALSE()),"Speaker fault only - needs manual box assignment",""),IF(AND($R36=TRUE(),$L36=FALSE(),$M36=FALSE(),$N36=FALSE(),$O36=FALSE(),$P36=FALSE(),$Q36=FALSE()),"No fault detail given - needs technician inspection",""),IF(AND(COUNTIF($F$3:$F$252,$F36)>1,LOWER(TRIM($F36))<>"empty"),"Duplicate Serial No - verify device identity",""),IF((--$L36+--$M36+--$N36+--$O36+--$P36)>1,"Multiple fault types detected - review full details before repair",""))) | W36: 0
A37: 35 | B37: 46240.55 | C37: TX628 | D37: =IF($B37="","",IFERROR(VLOOKUP(TRIM($C37),ModelMap,2,FALSE()),TRIM($C37))) -> TX628 | E37: Mathara Boardway | F37: 65653040004 | G37: Working, Have to Repair | H37: No sensor and also have power issue some time device is off automatically | J37: Colour | K37: =IF($B37="","",LOWER(TRIM($G37)&" | "&TRIM($H37)&" | "&TRIM($I37))) -> working, have to repair | no sensor and also have power issue some time device is off automatically | | L37: =IF($B37="","",SUMPRODUCT(--ISNUMBER(SEARCH(SensorKW,$K37)))>0) -> TRUE | M37: =IF($B37="","",SUMPRODUCT(--ISNUMBER(SEARCH(DisplayKW,$K37)))>0) -> FALSE | N37: =IF($B37="","",SUMPRODUCT(--ISNUMBER(SEARCH(KeypadKW,$K37)))>0) -> FALSE | O37: =IF($B37="","",SUMPRODUCT(--ISNUMBER(SEARCH(PowerKW,$K37)))>0) -> TRUE | P37: =IF($B37="","",SUMPRODUCT(--ISNUMBER(SEARCH(SpeakerKW,$K37)))>0) -> FALSE | Q37: =IF($B37="","",OR(SUMPRODUCT(--ISNUMBER(SEARCH(EmptyKW,$K37)))>0,LOWER(TRIM($F37))="empty")) -> FALSE | R37: =IF($B37="","",OR(ISNUMBER(SEARCH("repair",$G37)),ISNUMBER(SEARCH("not working",$G37)))) -> TRUE | S37: =IF(AND($B37<>"",$M37=TRUE(),$L37=FALSE(),$Q37=FALSE()),COUNTIFS($M$3:$M37,TRUE(),$L$3:$L37,FALSE(),$Q$3:$Q37,FALSE()),"") | T37: =IF($B37="","",IF($Q37=TRUE(),"U1",IF($L37=TRUE(),"S1",IF($M37=TRUE(),"D"&MIN(4,INT(($S37-1)/DisplayCapacity)+1),IF($N37=TRUE(),"K1",IF($O37=TRUE(),"P1",IF($P37=TRUE(),"U1",IF($R37=TRUE(),"U1","W")))))))) -> S1 | U37: =IF($T37="","",$T37&"-"&COUNTIF($T$3:T37,$T37)) -> S1-8 | V37: =IF($B37="","",_xlfn.TEXTJOIN(" | ",TRUE(),IF($Q37=TRUE(),"Empty box - no physical device, verify status",""),IF(AND($P37=TRUE(),$L37=FALSE(),$M37=FALSE(),$N37=FALSE(),$O37=FALSE(),$Q37=FALSE()),"Speaker fault only - needs manual box assignment",""),IF(AND($R37=TRUE(),$L37=FALSE(),$M37=FALSE(),$N37=FALSE(),$O37=FALSE(),$P37=FALSE(),$Q37=FALSE()),"No fault detail given - needs technician inspection",""),IF(AND(COUNTIF($F$3:$F$252,$F37)>1,LOWER(TRIM($F37))<>"empty"),"Duplicate Serial No - verify device identity",""),IF((--$L37+--$M37+--$N37+--$O37+--$P37)>1,"Multiple fault types detected - review full details before repair",""))) -> Multiple fault types detected - review full details before repair | W37: 0
A38: 36 | B38: 46240.62 | C38: TX628 | D38: =IF($B38="","",IFERROR(VLOOKUP(TRIM($C38),ModelMap,2,FALSE()),TRIM($C38))) -> TX628 | E38: Sinharamulla | F38: 6160052016817 | G38: Working | J38: Colour | K38: =IF($B38="","",LOWER(TRIM($G38)&" | "&TRIM($H38)&" | "&TRIM($I38))) -> working | | | L38: =IF($B38="","",SUMPRODUCT(--ISNUMBER(SEARCH(SensorKW,$K38)))>0) -> FALSE | M38: =IF($B38="","",SUMPRODUCT(--ISNUMBER(SEARCH(DisplayKW,$K38)))>0) -> FALSE | N38: =IF($B38="","",SUMPRODUCT(--ISNUMBER(SEARCH(KeypadKW,$K38)))>0) -> FALSE | O38: =IF($B38="","",SUMPRODUCT(--ISNUMBER(SEARCH(PowerKW,$K38)))>0) -> FALSE | P38: =IF($B38="","",SUMPRODUCT(--ISNUMBER(SEARCH(SpeakerKW,$K38)))>0) -> FALSE | Q38: =IF($B38="","",OR(SUMPRODUCT(--ISNUMBER(SEARCH(EmptyKW,$K38)))>0,LOWER(TRIM($F38))="empty")) -> FALSE | R38: =IF($B38="","",OR(ISNUMBER(SEARCH("repair",$G38)),ISNUMBER(SEARCH("not working",$G38)))) -> FALSE | S38: =IF(AND($B38<>"",$M38=TRUE(),$L38=FALSE(),$Q38=FALSE()),COUNTIFS($M$3:$M38,TRUE(),$L$3:$L38,FALSE(),$Q$3:$Q38,FALSE()),"") | T38: =IF($B38="","",IF($Q38=TRUE(),"U1",IF($L38=TRUE(),"S1",IF($M38=TRUE(),"D"&MIN(4,INT(($S38-1)/DisplayCapacity)+1),IF($N38=TRUE(),"K1",IF($O38=TRUE(),"P1",IF($P38=TRUE(),"U1",IF($R38=TRUE(),"U1","W")))))))) -> W | U38: =IF($T38="","",$T38&"-"&COUNTIF($T$3:T38,$T38)) -> W-20 | V38: =IF($B38="","",_xlfn.TEXTJOIN(" | ",TRUE(),IF($Q38=TRUE(),"Empty box - no physical device, verify status",""),IF(AND($P38=TRUE(),$L38=FALSE(),$M38=FALSE(),$N38=FALSE(),$O38=FALSE(),$Q38=FALSE()),"Speaker fault only - needs manual box assignment",""),IF(AND($R38=TRUE(),$L38=FALSE(),$M38=FALSE(),$N38=FALSE(),$O38=FALSE(),$P38=FALSE(),$Q38=FALSE()),"No fault detail given - needs technician inspection",""),IF(AND(COUNTIF($F$3:$F$252,$F38)>1,LOWER(TRIM($F38))<>"empty"),"Duplicate Serial No - verify device identity",""),IF((--$L38+--$M38+--$N38+--$O38+--$P38)>1,"Multiple fault types detected - review full details before repair",""))) | W38: 0
A39: 37 | B39: 46240.626 | C39: iClock700 | D39: =IF($B39="","",IFERROR(VLOOKUP(TRIM($C39),ModelMap,2,FALSE()),TRIM($C39))) -> iClock700 | E39: Kadawatha Support Center | F39: 4903184700003 | G39: Working | J39: Colour | K39: =IF($B39="","",LOWER(TRIM($G39)&" | "&TRIM($H39)&" | "&TRIM($I39))) -> working | | | L39: =IF($B39="","",SUMPRODUCT(--ISNUMBER(SEARCH(SensorKW,$K39)))>0) -> FALSE | M39: =IF($B39="","",SUMPRODUCT(--ISNUMBER(SEARCH(DisplayKW,$K39)))>0) -> FALSE | N39: =IF($B39="","",SUMPRODUCT(--ISNUMBER(SEARCH(KeypadKW,$K39)))>0) -> FALSE | O39: =IF($B39="","",SUMPRODUCT(--ISNUMBER(SEARCH(PowerKW,$K39)))>0) -> FALSE | P39: =IF($B39="","",SUMPRODUCT(--ISNUMBER(SEARCH(SpeakerKW,$K39)))>0) -> FALSE | Q39: =IF($B39="","",OR(SUMPRODUCT(--ISNUMBER(SEARCH(EmptyKW,$K39)))>0,LOWER(TRIM($F39))="empty")) -> FALSE | R39: =IF($B39="","",OR(ISNUMBER(SEARCH("repair",$G39)),ISNUMBER(SEARCH("not working",$G39)))) -> FALSE | S39: =IF(AND($B39<>"",$M39=TRUE(),$L39=FALSE(),$Q39=FALSE()),COUNTIFS($M$3:$M39,TRUE(),$L$3:$L39,FALSE(),$Q$3:$Q39,FALSE()),"") | T39: =IF($B39="","",IF($Q39=TRUE(),"U1",IF($L39=TRUE(),"S1",IF($M39=TRUE(),"D"&MIN(4,INT(($S39-1)/DisplayCapacity)+1),IF($N39=TRUE(),"K1",IF($O39=TRUE(),"P1",IF($P39=TRUE(),"U1",IF($R39=TRUE(),"U1","W")))))))) -> W | U39: =IF($T39="","",$T39&"-"&COUNTIF($T$3:T39,$T39)) -> W-21 | V39: =IF($B39="","",_xlfn.TEXTJOIN(" | ",TRUE(),IF($Q39=TRUE(),"Empty box - no physical device, verify status",""),IF(AND($P39=TRUE(),$L39=FALSE(),$M39=FALSE(),$N39=FALSE(),$O39=FALSE(),$Q39=FALSE()),"Speaker fault only - needs manual box assignment",""),IF(AND($R39=TRUE(),$L39=FALSE(),$M39=FALSE(),$N39=FALSE(),$O39=FALSE(),$P39=FALSE(),$Q39=FALSE()),"No fault detail given - needs technician inspection",""),IF(AND(COUNTIF($F$3:$F$252,$F39)>1,LOWER(TRIM($F39))<>"empty"),"Duplicate Serial No - verify device identity",""),IF((--$L39+--$M39+--$N39+--$O39+--$P39)>1,"Multiple fault types detected - review full details before repair",""))) | W39: 0
A40: 38 | B40: 46240.626 | C40: X628-C | D40: =IF($B40="","",IFERROR(VLOOKUP(TRIM($C40),ModelMap,2,FALSE()),TRIM($C40))) -> X628-C | E40: Dehiwala | F40: CDQ9191460007 | G40: Working, Have to Repair | H40: No sensor and also have power issue some time device is off automatically | J40: Colour | K40: =IF($B40="","",LOWER(TRIM($G40)&" | "&TRIM($H40)&" | "&TRIM($I40))) -> working, have to repair | no sensor and also have power issue some time device is off automatically | | L40: =IF($B40="","",SUMPRODUCT(--ISNUMBER(SEARCH(SensorKW,$K40)))>0) -> TRUE | M40: =IF($B40="","",SUMPRODUCT(--ISNUMBER(SEARCH(DisplayKW,$K40)))>0) -> FALSE | N40: =IF($B40="","",SUMPRODUCT(--ISNUMBER(SEARCH(KeypadKW,$K40)))>0) -> FALSE | O40: =IF($B40="","",SUMPRODUCT(--ISNUMBER(SEARCH(PowerKW,$K40)))>0) -> TRUE | P40: =IF($B40="","",SUMPRODUCT(--ISNUMBER(SEARCH(SpeakerKW,$K40)))>0) -> FALSE | Q40: =IF($B40="","",OR(SUMPRODUCT(--ISNUMBER(SEARCH(EmptyKW,$K40)))>0,LOWER(TRIM($F40))="empty")) -> FALSE | R40: =IF($B40="","",OR(ISNUMBER(SEARCH("repair",$G40)),ISNUMBER(SEARCH("not working",$G40)))) -> TRUE | S40: =IF(AND($B40<>"",$M40=TRUE(),$L40=FALSE(),$Q40=FALSE()),COUNTIFS($M$3:$M40,TRUE(),$L$3:$L40,FALSE(),$Q$3:$Q40,FALSE()),"") | T40: =IF($B40="","",IF($Q40=TRUE(),"U1",IF($L40=TRUE(),"S1",IF($M40=TRUE(),"D"&MIN(4,INT(($S40-1)/DisplayCapacity)+1),IF($N40=TRUE(),"K1",IF($O40=TRUE(),"P1",IF($P40=TRUE(),"U1",IF($R40=TRUE(),"U1","W")))))))) -> S1 | U40: =IF($T40="","",$T40&"-"&COUNTIF($T$3:T40,$T40)) -> S1-9 | V40: =IF($B40="","",_xlfn.TEXTJOIN(" | ",TRUE(),IF($Q40=TRUE(),"Empty box - no physical device, verify status",""),IF(AND($P40=TRUE(),$L40=FALSE(),$M40=FALSE(),$N40=FALSE(),$O40=FALSE(),$Q40=FALSE()),"Speaker fault only - needs manual box assignment",""),IF(AND($R40=TRUE(),$L40=FALSE(),$M40=FALSE(),$N40=FALSE(),$O40=FALSE(),$P40=FALSE(),$Q40=FALSE()),"No fault detail given - needs technician inspection",""),IF(AND(COUNTIF($F$3:$F$252,$F40)>1,LOWER(TRIM($F40))<>"empty"),"Duplicate Serial No - verify device identity",""),IF((--$L40+--$M40+--$N40+--$O40+--$P40)>1,"Multiple fault types detected - review full details before repair",""))) -> Multiple fault types detected - review full details before repair | W40: 0
A41: 39 | B41: 46240.647 | C41: TX628 | D41: =IF($B41="","",IFERROR(VLOOKUP(TRIM($C41),ModelMap,2,FALSE()),TRIM($C41))) -> TX628 | E41: Kudaoya | F41: AEYW092380603 | G41: Working | J41: Colour | K41: =IF($B41="","",LOWER(TRIM($G41)&" | "&TRIM($H41)&" | "&TRIM($I41))) -> working | | | L41: =IF($B41="","",SUMPRODUCT(--ISNUMBER(SEARCH(SensorKW,$K41)))>0) -> FALSE | M41: =IF($B41="","",SUMPRODUCT(--ISNUMBER(SEARCH(DisplayKW,$K41)))>0) -> FALSE | N41: =IF($B41="","",SUMPRODUCT(--ISNUMBER(SEARCH(KeypadKW,$K41)))>0) -> FALSE | O41: =IF($B41="","",SUMPRODUCT(--ISNUMBER(SEARCH(PowerKW,$K41)))>0) -> FALSE | P41: =IF($B41="","",SUMPRODUCT(--ISNUMBER(SEARCH(SpeakerKW,$K41)))>0) -> FALSE | Q41: =IF($B41="","",OR(SUMPRODUCT(--ISNUMBER(SEARCH(EmptyKW,$K41)))>0,LOWER(TRIM($F41))="empty")) -> FALSE | R41: =IF($B41="","",OR(ISNUMBER(SEARCH("repair",$G41)),ISNUMBER(SEARCH("not working",$G41)))) -> FALSE | S41: =IF(AND($B41<>"",$M41=TRUE(),$L41=FALSE(),$Q41=FALSE()),COUNTIFS($M$3:$M41,TRUE(),$L$3:$L41,FALSE(),$Q$3:$Q41,FALSE()),"") | T41: =IF($B41="","",IF($Q41=TRUE(),"U1",IF($L41=TRUE(),"S1",IF($M41=TRUE(),"D"&MIN(4,INT(($S41-1)/DisplayCapacity)+1),IF($N41=TRUE(),"K1",IF($O41=TRUE(),"P1",IF($P41=TRUE(),"U1",IF($R41=TRUE(),"U1","W")))))))) -> W | U41: =IF($T41="","",$T41&"-"&COUNTIF($T$3:T41,$T41)) -> W-22 | V41: =IF($B41="","",_xlfn.TEXTJOIN(" | ",TRUE(),IF($Q41=TRUE(),"Empty box - no physical device, verify status",""),IF(AND($P41=TRUE(),$L41=FALSE(),$M41=FALSE(),$N41=FALSE(),$O41=FALSE(),$Q41=FALSE()),"Speaker fault only - needs manual box assignment",""),IF(AND($R41=TRUE(),$L41=FALSE(),$M41=FALSE(),$N41=FALSE(),$O41=FALSE(),$P41=FALSE(),$Q41=FALSE()),"No fault detail given - needs technician inspection",""),IF(AND(COUNTIF($F$3:$F$252,$F41)>1,LOWER(TRIM($F41))<>"empty"),"Duplicate Serial No - verify device identity",""),IF((--$L41+--$M41+--$N41+--$O41+--$P41)>1,"Multiple fault types detected - review full details before repair",""))) | W41: 0
A42: 40 | B42: 46240.653 | C42: TX628 | D42: =IF($B42="","",IFERROR(VLOOKUP(TRIM($C42),ModelMap,2,FALSE()),TRIM($C42))) -> TX628 | E42: Awissawella | F42: 6160062170011 | G42: Working, Have to Repair | I42: As soon as it turn it on, it switches off again by itself. | J42: Colour | K42: =IF($B42="","",LOWER(TRIM($G42)&" | "&TRIM($H42)&" | "&TRIM($I42))) -> working, have to repair | | as soon as it turn it on, it switches off again by itself. | L42: =IF($B42="","",SUMPRODUCT(--ISNUMBER(SEARCH(SensorKW,$K42)))>0) -> FALSE | M42: =IF($B42="","",SUMPRODUCT(--ISNUMBER(SEARCH(DisplayKW,$K42)))>0) -> FALSE | N42: =IF($B42="","",SUMPRODUCT(--ISNUMBER(SEARCH(KeypadKW,$K42)))>0) -> FALSE | O42: =IF($B42="","",SUMPRODUCT(--ISNUMBER(SEARCH(PowerKW,$K42)))>0) -> TRUE | P42: =IF($B42="","",SUMPRODUCT(--ISNUMBER(SEARCH(SpeakerKW,$K42)))>0) -> FALSE | Q42: =IF($B42="","",OR(SUMPRODUCT(--ISNUMBER(SEARCH(EmptyKW,$K42)))>0,LOWER(TRIM($F42))="empty")) -> FALSE | R42: =IF($B42="","",OR(ISNUMBER(SEARCH("repair",$G42)),ISNUMBER(SEARCH("not working",$G42)))) -> TRUE | S42: =IF(AND($B42<>"",$M42=TRUE(),$L42=FALSE(),$Q42=FALSE()),COUNTIFS($M$3:$M42,TRUE(),$L$3:$L42,FALSE(),$Q$3:$Q42,FALSE()),"") | T42: =IF($B42="","",IF($Q42=TRUE(),"U1",IF($L42=TRUE(),"S1",IF($M42=TRUE(),"D"&MIN(4,INT(($S42-1)/DisplayCapacity)+1),IF($N42=TRUE(),"K1",IF($O42=TRUE(),"P1",IF($P42=TRUE(),"U1",IF($R42=TRUE(),"U1","W")))))))) -> P1 | U42: =IF($T42="","",$T42&"-"&COUNTIF($T$3:T42,$T42)) -> P1-3 | V42: =IF($B42="","",_xlfn.TEXTJOIN(" | ",TRUE(),IF($Q42=TRUE(),"Empty box - no physical device, verify status",""),IF(AND($P42=TRUE(),$L42=FALSE(),$M42=FALSE(),$N42=FALSE(),$O42=FALSE(),$Q42=FALSE()),"Speaker fault only - needs manual box assignment",""),IF(AND($R42=TRUE(),$L42=FALSE(),$M42=FALSE(),$N42=FALSE(),$O42=FALSE(),$P42=FALSE(),$Q42=FALSE()),"No fault detail given - needs technician inspection",""),IF(AND(COUNTIF($F$3:$F$252,$F42)>1,LOWER(TRIM($F42))<>"empty"),"Duplicate Serial No - verify device identity",""),IF((--$L42+--$M42+--$N42+--$O42+--$P42)>1,"Multiple fault types detected - review full details before repair",""))) | W42: 0
A43: 41 | B43: 46240.655 | C43: X628 | D43: =IF($B43="","",IFERROR(VLOOKUP(TRIM($C43),ModelMap,2,FALSE()),TRIM($C43))) -> X628 | E43: Kochchikade | F43: A5RN174660005 | G43: Working | I43: Display is not clear | J43: Black & White | K43: =IF($B43="","",LOWER(TRIM($G43)&" | "&TRIM($H43)&" | "&TRIM($I43))) -> working | | display is not clear | L43: =IF($B43="","",SUMPRODUCT(--ISNUMBER(SEARCH(SensorKW,$K43)))>0) -> FALSE | M43: =IF($B43="","",SUMPRODUCT(--ISNUMBER(SEARCH(DisplayKW,$K43)))>0) -> TRUE | N43: =IF($B43="","",SUMPRODUCT(--ISNUMBER(SEARCH(KeypadKW,$K43)))>0) -> FALSE | O43: =IF($B43="","",SUMPRODUCT(--ISNUMBER(SEARCH(PowerKW,$K43)))>0) -> FALSE | P43: =IF($B43="","",SUMPRODUCT(--ISNUMBER(SEARCH(SpeakerKW,$K43)))>0) -> FALSE | Q43: =IF($B43="","",OR(SUMPRODUCT(--ISNUMBER(SEARCH(EmptyKW,$K43)))>0,LOWER(TRIM($F43))="empty")) -> FALSE | R43: =IF($B43="","",OR(ISNUMBER(SEARCH("repair",$G43)),ISNUMBER(SEARCH("not working",$G43)))) -> FALSE | S43: =IF(AND($B43<>"",$M43=TRUE(),$L43=FALSE(),$Q43=FALSE()),COUNTIFS($M$3:$M43,TRUE(),$L$3:$L43,FALSE(),$Q$3:$Q43,FALSE()),"") -> 4 | T43: =IF($B43="","",IF($Q43=TRUE(),"U1",IF($L43=TRUE(),"S1",IF($M43=TRUE(),"D"&MIN(4,INT(($S43-1)/DisplayCapacity)+1),IF($N43=TRUE(),"K1",IF($O43=TRUE(),"P1",IF($P43=TRUE(),"U1",IF($R43=TRUE(),"U1","W")))))))) -> D1 | U43: =IF($T43="","",$T43&"-"&COUNTIF($T$3:T43,$T43)) -> D1-4 | V43: =IF($B43="","",_xlfn.TEXTJOIN(" | ",TRUE(),IF($Q43=TRUE(),"Empty box - no physical device, verify status",""),IF(AND($P43=TRUE(),$L43=FALSE(),$M43=FALSE(),$N43=FALSE(),$O43=FALSE(),$Q43=FALSE()),"Speaker fault only - needs manual box assignment",""),IF(AND($R43=TRUE(),$L43=FALSE(),$M43=FALSE(),$N43=FALSE(),$O43=FALSE(),$P43=FALSE(),$Q43=FALSE()),"No fault detail given - needs technician inspection",""),IF(AND(COUNTIF($F$3:$F$252,$F43)>1,LOWER(TRIM($F43))<>"empty"),"Duplicate Serial No - verify device identity",""),IF((--$L43+--$M43+--$N43+--$O43+--$P43)>1,"Multiple fault types detected - review full details before repair",""))) | W43: 0
A44: 42 | B44: 46240.66 | C44: X628 | D44: =IF($B44="","",IFERROR(VLOOKUP(TRIM($C44),ModelMap,2,FALSE()),TRIM($C44))) -> X628 | E44: Kaluthara | F44: 6006170800001 | G44: Working, Have to Repair | H44: Sensor is not working | J44: Black & White | K44: =IF($B44="","",LOWER(TRIM($G44)&" | "&TRIM($H44)&" | "&TRIM($I44))) -> working, have to repair | sensor is not working | | L44: =IF($B44="","",SUMPRODUCT(--ISNUMBER(SEARCH(SensorKW,$K44)))>0) -> TRUE | M44: =IF($B44="","",SUMPRODUCT(--ISNUMBER(SEARCH(DisplayKW,$K44)))>0) -> FALSE | N44: =IF($B44="","",SUMPRODUCT(--ISNUMBER(SEARCH(KeypadKW,$K44)))>0) -> FALSE | O44: =IF($B44="","",SUMPRODUCT(--ISNUMBER(SEARCH(PowerKW,$K44)))>0) -> FALSE | P44: =IF($B44="","",SUMPRODUCT(--ISNUMBER(SEARCH(SpeakerKW,$K44)))>0) -> FALSE | Q44: =IF($B44="","",OR(SUMPRODUCT(--ISNUMBER(SEARCH(EmptyKW,$K44)))>0,LOWER(TRIM($F44))="empty")) -> FALSE | R44: =IF($B44="","",OR(ISNUMBER(SEARCH("repair",$G44)),ISNUMBER(SEARCH("not working",$G44)))) -> TRUE | S44: =IF(AND($B44<>"",$M44=TRUE(),$L44=FALSE(),$Q44=FALSE()),COUNTIFS($M$3:$M44,TRUE(),$L$3:$L44,FALSE(),$Q$3:$Q44,FALSE()),"") | T44: =IF($B44="","",IF($Q44=TRUE(),"U1",IF($L44=TRUE(),"S1",IF($M44=TRUE(),"D"&MIN(4,INT(($S44-1)/DisplayCapacity)+1),IF($N44=TRUE(),"K1",IF($O44=TRUE(),"P1",IF($P44=TRUE(),"U1",IF($R44=TRUE(),"U1","W")))))))) -> S1 | U44: =IF($T44="","",$T44&"-"&COUNTIF($T$3:T44,$T44)) -> S1-10 | V44: =IF($B44="","",_xlfn.TEXTJOIN(" | ",TRUE(),IF($Q44=TRUE(),"Empty box - no physical device, verify status",""),IF(AND($P44=TRUE(),$L44=FALSE(),$M44=FALSE(),$N44=FALSE(),$O44=FALSE(),$Q44=FALSE()),"Speaker fault only - needs manual box assignment",""),IF(AND($R44=TRUE(),$L44=FALSE(),$M44=FALSE(),$N44=FALSE(),$O44=FALSE(),$P44=FALSE(),$Q44=FALSE()),"No fault detail given - needs technician inspection",""),IF(AND(COUNTIF($F$3:$F$252,$F44)>1,LOWER(TRIM($F44))<>"empty"),"Duplicate Serial No - verify device identity",""),IF((--$L44+--$M44+--$N44+--$O44+--$P44)>1,"Multiple fault types detected - review full details before repair",""))) | W44: 0
A45: 43 | B45: 46240.664 | C45: X628 | D45: =IF($B45="","",IFERROR(VLOOKUP(TRIM($C45),ModelMap,2,FALSE()),TRIM($C45))) -> X628 | E45: Wijerama | F45: 0065653040007 | G45: Working | I45: Display is not clear | J45: Black & White | K45: =IF($B45="","",LOWER(TRIM($G45)&" | "&TRIM($H45)&" | "&TRIM($I45))) -> working | | display is not clear | L45: =IF($B45="","",SUMPRODUCT(--ISNUMBER(SEARCH(SensorKW,$K45)))>0) -> FALSE | M45: =IF($B45="","",SUMPRODUCT(--ISNUMBER(SEARCH(DisplayKW,$K45)))>0) -> TRUE | N45: =IF($B45="","",SUMPRODUCT(--ISNUMBER(SEARCH(KeypadKW,$K45)))>0) -> FALSE | O45: =IF($B45="","",SUMPRODUCT(--ISNUMBER(SEARCH(PowerKW,$K45)))>0) -> FALSE | P45: =IF($B45="","",SUMPRODUCT(--ISNUMBER(SEARCH(SpeakerKW,$K45)))>0) -> FALSE | Q45: =IF($B45="","",OR(SUMPRODUCT(--ISNUMBER(SEARCH(EmptyKW,$K45)))>0,LOWER(TRIM($F45))="empty")) -> FALSE | R45: =IF($B45="","",OR(ISNUMBER(SEARCH("repair",$G45)),ISNUMBER(SEARCH("not working",$G45)))) -> FALSE | S45: =IF(AND($B45<>"",$M45=TRUE(),$L45=FALSE(),$Q45=FALSE()),COUNTIFS($M$3:$M45,TRUE(),$L$3:$L45,FALSE(),$Q$3:$Q45,FALSE()),"") -> 5 | T45: =IF($B45="","",IF($Q45=TRUE(),"U1",IF($L45=TRUE(),"S1",IF($M45=TRUE(),"D"&MIN(4,INT(($S45-1)/DisplayCapacity)+1),IF($N45=TRUE(),"K1",IF($O45=TRUE(),"P1",IF($P45=TRUE(),"U1",IF($R45=TRUE(),"U1","W")))))))) -> D1 | U45: =IF($T45="","",$T45&"-"&COUNTIF($T$3:T45,$T45)) -> D1-5 | V45: =IF($B45="","",_xlfn.TEXTJOIN(" | ",TRUE(),IF($Q45=TRUE(),"Empty box - no physical device, verify status",""),IF(AND($P45=TRUE(),$L45=FALSE(),$M45=FALSE(),$N45=FALSE(),$O45=FALSE(),$Q45=FALSE()),"Speaker fault only - needs manual box assignment",""),IF(AND($R45=TRUE(),$L45=FALSE(),$M45=FALSE(),$N45=FALSE(),$O45=FALSE(),$P45=FALSE(),$Q45=FALSE()),"No fault detail given - needs technician inspection",""),IF(AND(COUNTIF($F$3:$F$252,$F45)>1,LOWER(TRIM($F45))<>"empty"),"Duplicate Serial No - verify device identity",""),IF((--$L45+--$M45+--$N45+--$O45+--$P45)>1,"Multiple fault types detected - review full details before repair",""))) | W45: 0
A46: 44 | B46: 46240.669 | C46: X628 | D46: =IF($B46="","",IFERROR(VLOOKUP(TRIM($C46),ModelMap,2,FALSE()),TRIM($C46))) -> X628 | E46: Aluthgama | F46: 0067072480008 | G46: Working | J46: Black & White | K46: =IF($B46="","",LOWER(TRIM($G46)&" | "&TRIM($H46)&" | "&TRIM($I46))) -> working | | | L46: =IF($B46="","",SUMPRODUCT(--ISNUMBER(SEARCH(SensorKW,$K46)))>0) -> FALSE | M46: =IF($B46="","",SUMPRODUCT(--ISNUMBER(SEARCH(DisplayKW,$K46)))>0) -> FALSE | N46: =IF($B46="","",SUMPRODUCT(--ISNUMBER(SEARCH(KeypadKW,$K46)))>0) -> FALSE | O46: =IF($B46="","",SUMPRODUCT(--ISNUMBER(SEARCH(PowerKW,$K46)))>0) -> FALSE | P46: =IF($B46="","",SUMPRODUCT(--ISNUMBER(SEARCH(SpeakerKW,$K46)))>0) -> FALSE | Q46: =IF($B46="","",OR(SUMPRODUCT(--ISNUMBER(SEARCH(EmptyKW,$K46)))>0,LOWER(TRIM($F46))="empty")) -> FALSE | R46: =IF($B46="","",OR(ISNUMBER(SEARCH("repair",$G46)),ISNUMBER(SEARCH("not working",$G46)))) -> FALSE | S46: =IF(AND($B46<>"",$M46=TRUE(),$L46=FALSE(),$Q46=FALSE()),COUNTIFS($M$3:$M46,TRUE(),$L$3:$L46,FALSE(),$Q$3:$Q46,FALSE()),"") | T46: =IF($B46="","",IF($Q46=TRUE(),"U1",IF($L46=TRUE(),"S1",IF($M46=TRUE(),"D"&MIN(4,INT(($S46-1)/DisplayCapacity)+1),IF($N46=TRUE(),"K1",IF($O46=TRUE(),"P1",IF($P46=TRUE(),"U1",IF($R46=TRUE(),"U1","W")))))))) -> W | U46: =IF($T46="","",$T46&"-"&COUNTIF($T$3:T46,$T46)) -> W-23 | V46: =IF($B46="","",_xlfn.TEXTJOIN(" | ",TRUE(),IF($Q46=TRUE(),"Empty box - no physical device, verify status",""),IF(AND($P46=TRUE(),$L46=FALSE(),$M46=FALSE(),$N46=FALSE(),$O46=FALSE(),$Q46=FALSE()),"Speaker fault only - needs manual box assignment",""),IF(AND($R46=TRUE(),$L46=FALSE(),$M46=FALSE(),$N46=FALSE(),$O46=FALSE(),$P46=FALSE(),$Q46=FALSE()),"No fault detail given - needs technician inspection",""),IF(AND(COUNTIF($F$3:$F$252,$F46)>1,LOWER(TRIM($F46))<>"empty"),"Duplicate Serial No - verify device identity",""),IF((--$L46+--$M46+--$N46+--$O46+--$P46)>1,"Multiple fault types detected - review full details before repair",""))) | W46: 0
A47: 45 | B47: 46240.669 | C47: X628-C | D47: =IF($B47="","",IFERROR(VLOOKUP(TRIM($C47),ModelMap,2,FALSE()),TRIM($C47))) -> X628-C | E47: Maravila | F47: 6335183600003 | G47: Working, Have to Repair | H47: No Sensor | J47: Colour | K47: =IF($B47="","",LOWER(TRIM($G47)&" | "&TRIM($H47)&" | "&TRIM($I47))) -> working, have to repair | no sensor | | L47: =IF($B47="","",SUMPRODUCT(--ISNUMBER(SEARCH(SensorKW,$K47)))>0) -> TRUE | M47: =IF($B47="","",SUMPRODUCT(--ISNUMBER(SEARCH(DisplayKW,$K47)))>0) -> FALSE | N47: =IF($B47="","",SUMPRODUCT(--ISNUMBER(SEARCH(KeypadKW,$K47)))>0) -> FALSE | O47: =IF($B47="","",SUMPRODUCT(--ISNUMBER(SEARCH(PowerKW,$K47)))>0) -> FALSE | P47: =IF($B47="","",SUMPRODUCT(--ISNUMBER(SEARCH(SpeakerKW,$K47)))>0) -> FALSE | Q47: =IF($B47="","",OR(SUMPRODUCT(--ISNUMBER(SEARCH(EmptyKW,$K47)))>0,LOWER(TRIM($F47))="empty")) -> FALSE | R47: =IF($B47="","",OR(ISNUMBER(SEARCH("repair",$G47)),ISNUMBER(SEARCH("not working",$G47)))) -> TRUE | S47: =IF(AND($B47<>"",$M47=TRUE(),$L47=FALSE(),$Q47=FALSE()),COUNTIFS($M$3:$M47,TRUE(),$L$3:$L47,FALSE(),$Q$3:$Q47,FALSE()),"") | T47: =IF($B47="","",IF($Q47=TRUE(),"U1",IF($L47=TRUE(),"S1",IF($M47=TRUE(),"D"&MIN(4,INT(($S47-1)/DisplayCapacity)+1),IF($N47=TRUE(),"K1",IF($O47=TRUE(),"P1",IF($P47=TRUE(),"U1",IF($R47=TRUE(),"U1","W")))))))) -> S1 | U47: =IF($T47="","",$T47&"-"&COUNTIF($T$3:T47,$T47)) -> S1-11 | V47: =IF($B47="","",_xlfn.TEXTJOIN(" | ",TRUE(),IF($Q47=TRUE(),"Empty box - no physical device, verify status",""),IF(AND($P47=TRUE(),$L47=FALSE(),$M47=FALSE(),$N47=FALSE(),$O47=FALSE(),$Q47=FALSE()),"Speaker fault only - needs manual box assignment",""),IF(AND($R47=TRUE(),$L47=FALSE(),$M47=FALSE(),$N47=FALSE(),$O47=FALSE(),$P47=FALSE(),$Q47=FALSE()),"No fault detail given - needs technician inspection",""),IF(AND(COUNTIF($F$3:$F$252,$F47)>1,LOWER(TRIM($F47))<>"empty"),"Duplicate Serial No - verify device identity",""),IF((--$L47+--$M47+--$N47+--$O47+--$P47)>1,"Multiple fault types detected - review full details before repair",""))) | W47: 0
A48: 46 | B48: 46240.671 | C48: TX628 | D48: =IF($B48="","",IFERROR(VLOOKUP(TRIM($C48),ModelMap,2,FALSE()),TRIM($C48))) -> TX628 | E48: Ambalangoda | F48: 6160052016815 | G48: Working | J48: Colour | K48: =IF($B48="","",LOWER(TRIM($G48)&" | "&TRIM($H48)&" | "&TRIM($I48))) -> working | | | L48: =IF($B48="","",SUMPRODUCT(--ISNUMBER(SEARCH(SensorKW,$K48)))>0) -> FALSE | M48: =IF($B48="","",SUMPRODUCT(--ISNUMBER(SEARCH(DisplayKW,$K48)))>0) -> FALSE | N48: =IF($B48="","",SUMPRODUCT(--ISNUMBER(SEARCH(KeypadKW,$K48)))>0) -> FALSE | O48: =IF($B48="","",SUMPRODUCT(--ISNUMBER(SEARCH(PowerKW,$K48)))>0) -> FALSE | P48: =IF($B48="","",SUMPRODUCT(--ISNUMBER(SEARCH(SpeakerKW,$K48)))>0) -> FALSE | Q48: =IF($B48="","",OR(SUMPRODUCT(--ISNUMBER(SEARCH(EmptyKW,$K48)))>0,LOWER(TRIM($F48))="empty")) -> FALSE | R48: =IF($B48="","",OR(ISNUMBER(SEARCH("repair",$G48)),ISNUMBER(SEARCH("not working",$G48)))) -> FALSE | S48: =IF(AND($B48<>"",$M48=TRUE(),$L48=FALSE(),$Q48=FALSE()),COUNTIFS($M$3:$M48,TRUE(),$L$3:$L48,FALSE(),$Q$3:$Q48,FALSE()),"") | T48: =IF($B48="","",IF($Q48=TRUE(),"U1",IF($L48=TRUE(),"S1",IF($M48=TRUE(),"D"&MIN(4,INT(($S48-1)/DisplayCapacity)+1),IF($N48=TRUE(),"K1",IF($O48=TRUE(),"P1",IF($P48=TRUE(),"U1",IF($R48=TRUE(),"U1","W")))))))) -> W | U48: =IF($T48="","",$T48&"-"&COUNTIF($T$3:T48,$T48)) -> W-24 | V48: =IF($B48="","",_xlfn.TEXTJOIN(" | ",TRUE(),IF($Q48=TRUE(),"Empty box - no physical device, verify status",""),IF(AND($P48=TRUE(),$L48=FALSE(),$M48=FALSE(),$N48=FALSE(),$O48=FALSE(),$Q48=FALSE()),"Speaker fault only - needs manual box assignment",""),IF(AND($R48=TRUE(),$L48=FALSE(),$M48=FALSE(),$N48=FALSE(),$O48=FALSE(),$P48=FALSE(),$Q48=FALSE()),"No fault detail given - needs technician inspection",""),IF(AND(COUNTIF($F$3:$F$252,$F48)>1,LOWER(TRIM($F48))<>"empty"),"Duplicate Serial No - verify device identity",""),IF((--$L48+--$M48+--$N48+--$O48+--$P48)>1,"Multiple fault types detected - review full details before repair",""))) | W48: 0
A49: 47 | B49: 46240.674 | C49: X628 | D49: =IF($B49="","",IFERROR(VLOOKUP(TRIM($C49),ModelMap,2,FALSE()),TRIM($C49))) -> X628 | E49: Puttalama | F49: 6006154200002 | G49: Working | J49: Black & White | K49: =IF($B49="","",LOWER(TRIM($G49)&" | "&TRIM($H49)&" | "&TRIM($I49))) -> working | | | L49: =IF($B49="","",SUMPRODUCT(--ISNUMBER(SEARCH(SensorKW,$K49)))>0) -> FALSE | M49: =IF($B49="","",SUMPRODUCT(--ISNUMBER(SEARCH(DisplayKW,$K49)))>0) -> FALSE | N49: =IF($B49="","",SUMPRODUCT(--ISNUMBER(SEARCH(KeypadKW,$K49)))>0) -> FALSE | O49: =IF($B49="","",SUMPRODUCT(--ISNUMBER(SEARCH(PowerKW,$K49)))>0) -> FALSE | P49: =IF($B49="","",SUMPRODUCT(--ISNUMBER(SEARCH(SpeakerKW,$K49)))>0) -> FALSE | Q49: =IF($B49="","",OR(SUMPRODUCT(--ISNUMBER(SEARCH(EmptyKW,$K49)))>0,LOWER(TRIM($F49))="empty")) -> FALSE | R49: =IF($B49="","",OR(ISNUMBER(SEARCH("repair",$G49)),ISNUMBER(SEARCH("not working",$G49)))) -> FALSE | S49: =IF(AND($B49<>"",$M49=TRUE(),$L49=FALSE(),$Q49=FALSE()),COUNTIFS($M$3:$M49,TRUE(),$L$3:$L49,FALSE(),$Q$3:$Q49,FALSE()),"") | T49: =IF($B49="","",IF($Q49=TRUE(),"U1",IF($L49=TRUE(),"S1",IF($M49=TRUE(),"D"&MIN(4,INT(($S49-1)/DisplayCapacity)+1),IF($N49=TRUE(),"K1",IF($O49=TRUE(),"P1",IF($P49=TRUE(),"U1",IF($R49=TRUE(),"U1","W")))))))) -> W | U49: =IF($T49="","",$T49&"-"&COUNTIF($T$3:T49,$T49)) -> W-25 | V49: =IF($B49="","",_xlfn.TEXTJOIN(" | ",TRUE(),IF($Q49=TRUE(),"Empty box - no physical device, verify status",""),IF(AND($P49=TRUE(),$L49=FALSE(),$M49=FALSE(),$N49=FALSE(),$O49=FALSE(),$Q49=FALSE()),"Speaker fault only - needs manual box assignment",""),IF(AND($R49=TRUE(),$L49=FALSE(),$M49=FALSE(),$N49=FALSE(),$O49=FALSE(),$P49=FALSE(),$Q49=FALSE()),"No fault detail given - needs technician inspection",""),IF(AND(COUNTIF($F$3:$F$252,$F49)>1,LOWER(TRIM($F49))<>"empty"),"Duplicate Serial No - verify device identity",""),IF((--$L49+--$M49+--$N49+--$O49+--$P49)>1,"Multiple fault types detected - review full details before repair",""))) | W49: 0
A50: 48 | B50: 46240.676 | C50: TX628 | D50: =IF($B50="","",IFERROR(VLOOKUP(TRIM($C50),ModelMap,2,FALSE()),TRIM($C50))) -> TX628 | E50: Kaluthara 02 | F50: 6160062164903 | G50: Working | J50: Colour | K50: =IF($B50="","",LOWER(TRIM($G50)&" | "&TRIM($H50)&" | "&TRIM($I50))) -> working | | | L50: =IF($B50="","",SUMPRODUCT(--ISNUMBER(SEARCH(SensorKW,$K50)))>0) -> FALSE | M50: =IF($B50="","",SUMPRODUCT(--ISNUMBER(SEARCH(DisplayKW,$K50)))>0) -> FALSE | N50: =IF($B50="","",SUMPRODUCT(--ISNUMBER(SEARCH(KeypadKW,$K50)))>0) -> FALSE | O50: =IF($B50="","",SUMPRODUCT(--ISNUMBER(SEARCH(PowerKW,$K50)))>0) -> FALSE | P50: =IF($B50="","",SUMPRODUCT(--ISNUMBER(SEARCH(SpeakerKW,$K50)))>0) -> FALSE | Q50: =IF($B50="","",OR(SUMPRODUCT(--ISNUMBER(SEARCH(EmptyKW,$K50)))>0,LOWER(TRIM($F50))="empty")) -> FALSE | R50: =IF($B50="","",OR(ISNUMBER(SEARCH("repair",$G50)),ISNUMBER(SEARCH("not working",$G50)))) -> FALSE | S50: =IF(AND($B50<>"",$M50=TRUE(),$L50=FALSE(),$Q50=FALSE()),COUNTIFS($M$3:$M50,TRUE(),$L$3:$L50,FALSE(),$Q$3:$Q50,FALSE()),"") | T50: =IF($B50="","",IF($Q50=TRUE(),"U1",IF($L50=TRUE(),"S1",IF($M50=TRUE(),"D"&MIN(4,INT(($S50-1)/DisplayCapacity)+1),IF($N50=TRUE(),"K1",IF($O50=TRUE(),"P1",IF($P50=TRUE(),"U1",IF($R50=TRUE(),"U1","W")))))))) -> W | U50: =IF($T50="","",$T50&"-"&COUNTIF($T$3:T50,$T50)) -> W-26 | V50: =IF($B50="","",_xlfn.TEXTJOIN(" | ",TRUE(),IF($Q50=TRUE(),"Empty box - no physical device, verify status",""),IF(AND($P50=TRUE(),$L50=FALSE(),$M50=FALSE(),$N50=FALSE(),$O50=FALSE(),$Q50=FALSE()),"Speaker fault only - needs manual box assignment",""),IF(AND($R50=TRUE(),$L50=FALSE(),$M50=FALSE(),$N50=FALSE(),$O50=FALSE(),$P50=FALSE(),$Q50=FALSE()),"No fault detail given - needs technician inspection",""),IF(AND(COUNTIF($F$3:$F$252,$F50)>1,LOWER(TRIM($F50))<>"empty"),"Duplicate Serial No - verify device identity",""),IF((--$L50+--$M50+--$N50+--$O50+--$P50)>1,"Multiple fault types detected - review full details before repair",""))) | W50: 0
A51: 49 | B51: 46240.68 | C51: SlikFP 100TA | D51: =IF($B51="","",IFERROR(VLOOKUP(TRIM($C51),ModelMap,2,FALSE()),TRIM($C51))) -> SlikFP 100TA | E51: Duplication road | F51: OLK6110086111900001 | G51: Working | J51: Colour | K51: =IF($B51="","",LOWER(TRIM($G51)&" | "&TRIM($H51)&" | "&TRIM($I51))) -> working | | | L51: =IF($B51="","",SUMPRODUCT(--ISNUMBER(SEARCH(SensorKW,$K51)))>0) -> FALSE | M51: =IF($B51="","",SUMPRODUCT(--ISNUMBER(SEARCH(DisplayKW,$K51)))>0) -> FALSE | N51: =IF($B51="","",SUMPRODUCT(--ISNUMBER(SEARCH(KeypadKW,$K51)))>0) -> FALSE | O51: =IF($B51="","",SUMPRODUCT(--ISNUMBER(SEARCH(PowerKW,$K51)))>0) -> FALSE | P51: =IF($B51="","",SUMPRODUCT(--ISNUMBER(SEARCH(SpeakerKW,$K51)))>0) -> FALSE | Q51: =IF($B51="","",OR(SUMPRODUCT(--ISNUMBER(SEARCH(EmptyKW,$K51)))>0,LOWER(TRIM($F51))="empty")) -> FALSE | R51: =IF($B51="","",OR(ISNUMBER(SEARCH("repair",$G51)),ISNUMBER(SEARCH("not working",$G51)))) -> FALSE | S51: =IF(AND($B51<>"",$M51=TRUE(),$L51=FALSE(),$Q51=FALSE()),COUNTIFS($M$3:$M51,TRUE(),$L$3:$L51,FALSE(),$Q$3:$Q51,FALSE()),"") | T51: =IF($B51="","",IF($Q51=TRUE(),"U1",IF($L51=TRUE(),"S1",IF($M51=TRUE(),"D"&MIN(4,INT(($S51-1)/DisplayCapacity)+1),IF($N51=TRUE(),"K1",IF($O51=TRUE(),"P1",IF($P51=TRUE(),"U1",IF($R51=TRUE(),"U1","W")))))))) -> W | U51: =IF($T51="","",$T51&"-"&COUNTIF($T$3:T51,$T51)) -> W-27 | V51: =IF($B51="","",_xlfn.TEXTJOIN(" | ",TRUE(),IF($Q51=TRUE(),"Empty box - no physical device, verify status",""),IF(AND($P51=TRUE(),$L51=FALSE(),$M51=FALSE(),$N51=FALSE(),$O51=FALSE(),$Q51=FALSE()),"Speaker fault only - needs manual box assignment",""),IF(AND($R51=TRUE(),$L51=FALSE(),$M51=FALSE(),$N51=FALSE(),$O51=FALSE(),$P51=FALSE(),$Q51=FALSE()),"No fault detail given - needs technician inspection",""),IF(AND(COUNTIF($F$3:$F$252,$F51)>1,LOWER(TRIM($F51))<>"empty"),"Duplicate Serial No - verify device identity",""),IF((--$L51+--$M51+--$N51+--$O51+--$P51)>1,"Multiple fault types detected - review full details before repair",""))) | W51: 0
A52: 50 | B52: 46240.683 | C52: X628 | D52: =IF($B52="","",IFERROR(VLOOKUP(TRIM($C52),ModelMap,2,FALSE()),TRIM($C52))) -> X628 | E52: Kotahena | F52: 0065172410002 | G52: Working | I52: Display is not clear, Speaker is not working | J52: Black & White | K52: =IF($B52="","",LOWER(TRIM($G52)&" | "&TRIM($H52)&" | "&TRIM($I52))) -> working | | display is not clear, speaker is not working | L52: =IF($B52="","",SUMPRODUCT(--ISNUMBER(SEARCH(SensorKW,$K52)))>0) -> FALSE | M52: =IF($B52="","",SUMPRODUCT(--ISNUMBER(SEARCH(DisplayKW,$K52)))>0) -> TRUE | N52: =IF($B52="","",SUMPRODUCT(--ISNUMBER(SEARCH(KeypadKW,$K52)))>0) -> FALSE | O52: =IF($B52="","",SUMPRODUCT(--ISNUMBER(SEARCH(PowerKW,$K52)))>0) -> FALSE | P52: =IF($B52="","",SUMPRODUCT(--ISNUMBER(SEARCH(SpeakerKW,$K52)))>0) -> TRUE | Q52: =IF($B52="","",OR(SUMPRODUCT(--ISNUMBER(SEARCH(EmptyKW,$K52)))>0,LOWER(TRIM($F52))="empty")) -> FALSE | R52: =IF($B52="","",OR(ISNUMBER(SEARCH("repair",$G52)),ISNUMBER(SEARCH("not working",$G52)))) -> FALSE | S52: =IF(AND($B52<>"",$M52=TRUE(),$L52=FALSE(),$Q52=FALSE()),COUNTIFS($M$3:$M52,TRUE(),$L$3:$L52,FALSE(),$Q$3:$Q52,FALSE()),"") -> 6 | T52: =IF($B52="","",IF($Q52=TRUE(),"U1",IF($L52=TRUE(),"S1",IF($M52=TRUE(),"D"&MIN(4,INT(($S52-1)/DisplayCapacity)+1),IF($N52=TRUE(),"K1",IF($O52=TRUE(),"P1",IF($P52=TRUE(),"U1",IF($R52=TRUE(),"U1","W")))))))) -> D1 | U52: =IF($T52="","",$T52&"-"&COUNTIF($T$3:T52,$T52)) -> D1-6 | V52: =IF($B52="","",_xlfn.TEXTJOIN(" | ",TRUE(),IF($Q52=TRUE(),"Empty box - no physical device, verify status",""),IF(AND($P52=TRUE(),$L52=FALSE(),$M52=FALSE(),$N52=FALSE(),$O52=FALSE(),$Q52=FALSE()),"Speaker fault only - needs manual box assignment",""),IF(AND($R52=TRUE(),$L52=FALSE(),$M52=FALSE(),$N52=FALSE(),$O52=FALSE(),$P52=FALSE(),$Q52=FALSE()),"No fault detail given - needs technician inspection",""),IF(AND(COUNTIF($F$3:$F$252,$F52)>1,LOWER(TRIM($F52))<>"empty"),"Duplicate Serial No - verify device identity",""),IF((--$L52+--$M52+--$N52+--$O52+--$P52)>1,"Multiple fault types detected - review full details before repair",""))) -> Multiple fault types detected - review full details before repair | W52: 0
A53: 51 | B53: 46240.684 | C53: X628-C | D53: =IF($B53="","",IFERROR(VLOOKUP(TRIM($C53),ModelMap,2,FALSE()),TRIM($C53))) -> X628-C | E53: Rajagiriya | F53: CDQ9191460001 | G53: Working | J53: Colour | K53: =IF($B53="","",LOWER(TRIM($G53)&" | "&TRIM($H53)&" | "&TRIM($I53))) -> working | | | L53: =IF($B53="","",SUMPRODUCT(--ISNUMBER(SEARCH(SensorKW,$K53)))>0) -> FALSE | M53: =IF($B53="","",SUMPRODUCT(--ISNUMBER(SEARCH(DisplayKW,$K53)))>0) -> FALSE | N53: =IF($B53="","",SUMPRODUCT(--ISNUMBER(SEARCH(KeypadKW,$K53)))>0) -> FALSE | O53: =IF($B53="","",SUMPRODUCT(--ISNUMBER(SEARCH(PowerKW,$K53)))>0) -> FALSE | P53: =IF($B53="","",SUMPRODUCT(--ISNUMBER(SEARCH(SpeakerKW,$K53)))>0) -> FALSE | Q53: =IF($B53="","",OR(SUMPRODUCT(--ISNUMBER(SEARCH(EmptyKW,$K53)))>0,LOWER(TRIM($F53))="empty")) -> FALSE | R53: =IF($B53="","",OR(ISNUMBER(SEARCH("repair",$G53)),ISNUMBER(SEARCH("not working",$G53)))) -> FALSE | S53: =IF(AND($B53<>"",$M53=TRUE(),$L53=FALSE(),$Q53=FALSE()),COUNTIFS($M$3:$M53,TRUE(),$L$3:$L53,FALSE(),$Q$3:$Q53,FALSE()),"") | T53: =IF($B53="","",IF($Q53=TRUE(),"U1",IF($L53=TRUE(),"S1",IF($M53=TRUE(),"D"&MIN(4,INT(($S53-1)/DisplayCapacity)+1),IF($N53=TRUE(),"K1",IF($O53=TRUE(),"P1",IF($P53=TRUE(),"U1",IF($R53=TRUE(),"U1","W")))))))) -> W | U53: =IF($T53="","",$T53&"-"&COUNTIF($T$3:T53,$T53)) -> W-28 | V53: =IF($B53="","",_xlfn.TEXTJOIN(" | ",TRUE(),IF($Q53=TRUE(),"Empty box - no physical device, verify status",""),IF(AND($P53=TRUE(),$L53=FALSE(),$M53=FALSE(),$N53=FALSE(),$O53=FALSE(),$Q53=FALSE()),"Speaker fault only - needs manual box assignment",""),IF(AND($R53=TRUE(),$L53=FALSE(),$M53=FALSE(),$N53=FALSE(),$O53=FALSE(),$P53=FALSE(),$Q53=FALSE()),"No fault detail given - needs technician inspection",""),IF(AND(COUNTIF($F$3:$F$252,$F53)>1,LOWER(TRIM($F53))<>"empty"),"Duplicate Serial No - verify device identity",""),IF((--$L53+--$M53+--$N53+--$O53+--$P53)>1,"Multiple fault types detected - review full details before repair",""))) | W53: 0
A54: 52 | B54: 46240.688 | C54: X628-C | D54: =IF($B54="","",IFERROR(VLOOKUP(TRIM($C54),ModelMap,2,FALSE()),TRIM($C54))) -> X628-C | E54: Cotta road | F54: AEG8243600002 | G54: Working | J54: Colour | K54: =IF($B54="","",LOWER(TRIM($G54)&" | "&TRIM($H54)&" | "&TRIM($I54))) -> working | | | L54: =IF($B54="","",SUMPRODUCT(--ISNUMBER(SEARCH(SensorKW,$K54)))>0) -> FALSE | M54: =IF($B54="","",SUMPRODUCT(--ISNUMBER(SEARCH(DisplayKW,$K54)))>0) -> FALSE | N54: =IF($B54="","",SUMPRODUCT(--ISNUMBER(SEARCH(KeypadKW,$K54)))>0) -> FALSE | O54: =IF($B54="","",SUMPRODUCT(--ISNUMBER(SEARCH(PowerKW,$K54)))>0) -> FALSE | P54: =IF($B54="","",SUMPRODUCT(--ISNUMBER(SEARCH(SpeakerKW,$K54)))>0) -> FALSE | Q54: =IF($B54="","",OR(SUMPRODUCT(--ISNUMBER(SEARCH(EmptyKW,$K54)))>0,LOWER(TRIM($F54))="empty")) -> FALSE | R54: =IF($B54="","",OR(ISNUMBER(SEARCH("repair",$G54)),ISNUMBER(SEARCH("not working",$G54)))) -> FALSE | S54: =IF(AND($B54<>"",$M54=TRUE(),$L54=FALSE(),$Q54=FALSE()),COUNTIFS($M$3:$M54,TRUE(),$L$3:$L54,FALSE(),$Q$3:$Q54,FALSE()),"") | T54: =IF($B54="","",IF($Q54=TRUE(),"U1",IF($L54=TRUE(),"S1",IF($M54=TRUE(),"D"&MIN(4,INT(($S54-1)/DisplayCapacity)+1),IF($N54=TRUE(),"K1",IF($O54=TRUE(),"P1",IF($P54=TRUE(),"U1",IF($R54=TRUE(),"U1","W")))))))) -> W | U54: =IF($T54="","",$T54&"-"&COUNTIF($T$3:T54,$T54)) -> W-29 | V54: =IF($B54="","",_xlfn.TEXTJOIN(" | ",TRUE(),IF($Q54=TRUE(),"Empty box - no physical device, verify status",""),IF(AND($P54=TRUE(),$L54=FALSE(),$M54=FALSE(),$N54=FALSE(),$O54=FALSE(),$Q54=FALSE()),"Speaker fault only - needs manual box assignment",""),IF(AND($R54=TRUE(),$L54=FALSE(),$M54=FALSE(),$N54=FALSE(),$O54=FALSE(),$P54=FALSE(),$Q54=FALSE()),"No fault detail given - needs technician inspection",""),IF(AND(COUNTIF($F$3:$F$252,$F54)>1,LOWER(TRIM($F54))<>"empty"),"Duplicate Serial No - verify device identity",""),IF((--$L54+--$M54+--$N54+--$O54+--$P54)>1,"Multiple fault types detected - review full details before repair",""))) | W54: 0
A55: 53 | B55: 46244.427 | C55: X628 | D55: =IF($B55="","",IFERROR(VLOOKUP(TRIM($C55),ModelMap,2,FALSE()),TRIM($C55))) -> X628 | E55: Aggona | F55: AEG8244700003 | G55: Working | J55: Colour | K55: =IF($B55="","",LOWER(TRIM($G55)&" | "&TRIM($H55)&" | "&TRIM($I55))) -> working | | | L55: =IF($B55="","",SUMPRODUCT(--ISNUMBER(SEARCH(SensorKW,$K55)))>0) -> FALSE | M55: =IF($B55="","",SUMPRODUCT(--ISNUMBER(SEARCH(DisplayKW,$K55)))>0) -> FALSE | N55: =IF($B55="","",SUMPRODUCT(--ISNUMBER(SEARCH(KeypadKW,$K55)))>0) -> FALSE | O55: =IF($B55="","",SUMPRODUCT(--ISNUMBER(SEARCH(PowerKW,$K55)))>0) -> FALSE | P55: =IF($B55="","",SUMPRODUCT(--ISNUMBER(SEARCH(SpeakerKW,$K55)))>0) -> FALSE | Q55: =IF($B55="","",OR(SUMPRODUCT(--ISNUMBER(SEARCH(EmptyKW,$K55)))>0,LOWER(TRIM($F55))="empty")) -> FALSE | R55: =IF($B55="","",OR(ISNUMBER(SEARCH("repair",$G55)),ISNUMBER(SEARCH("not working",$G55)))) -> FALSE | S55: =IF(AND($B55<>"",$M55=TRUE(),$L55=FALSE(),$Q55=FALSE()),COUNTIFS($M$3:$M55,TRUE(),$L$3:$L55,FALSE(),$Q$3:$Q55,FALSE()),"") | T55: =IF($B55="","",IF($Q55=TRUE(),"U1",IF($L55=TRUE(),"S1",IF($M55=TRUE(),"D"&MIN(4,INT(($S55-1)/DisplayCapacity)+1),IF($N55=TRUE(),"K1",IF($O55=TRUE(),"P1",IF($P55=TRUE(),"U1",IF($R55=TRUE(),"U1","W")))))))) -> W | U55: =IF($T55="","",$T55&"-"&COUNTIF($T$3:T55,$T55)) -> W-30 | V55: =IF($B55="","",_xlfn.TEXTJOIN(" | ",TRUE(),IF($Q55=TRUE(),"Empty box - no physical device, verify status",""),IF(AND($P55=TRUE(),$L55=FALSE(),$M55=FALSE(),$N55=FALSE(),$O55=FALSE(),$Q55=FALSE()),"Speaker fault only - needs manual box assignment",""),IF(AND($R55=TRUE(),$L55=FALSE(),$M55=FALSE(),$N55=FALSE(),$O55=FALSE(),$P55=FALSE(),$Q55=FALSE()),"No fault detail given - needs technician inspection",""),IF(AND(COUNTIF($F$3:$F$252,$F55)>1,LOWER(TRIM($F55))<>"empty"),"Duplicate Serial No - verify device identity",""),IF((--$L55+--$M55+--$N55+--$O55+--$P55)>1,"Multiple fault types detected - review full details before repair",""))) | W55: 0
A56: 54 | B56: 46244.433 | C56: X628 | D56: =IF($B56="","",IFERROR(VLOOKUP(TRIM($C56),ModelMap,2,FALSE()),TRIM($C56))) -> X628 | E56: Eldeniya | F56: 5128192400004 | G56: Working | J56: Colour | K56: =IF($B56="","",LOWER(TRIM($G56)&" | "&TRIM($H56)&" | "&TRIM($I56))) -> working | | | L56: =IF($B56="","",SUMPRODUCT(--ISNUMBER(SEARCH(SensorKW,$K56)))>0) -> FALSE | M56: =IF($B56="","",SUMPRODUCT(--ISNUMBER(SEARCH(DisplayKW,$K56)))>0) -> FALSE | N56: =IF($B56="","",SUMPRODUCT(--ISNUMBER(SEARCH(KeypadKW,$K56)))>0) -> FALSE | O56: =IF($B56="","",SUMPRODUCT(--ISNUMBER(SEARCH(PowerKW,$K56)))>0) -> FALSE | P56: =IF($B56="","",SUMPRODUCT(--ISNUMBER(SEARCH(SpeakerKW,$K56)))>0) -> FALSE | Q56: =IF($B56="","",OR(SUMPRODUCT(--ISNUMBER(SEARCH(EmptyKW,$K56)))>0,LOWER(TRIM($F56))="empty")) -> FALSE | R56: =IF($B56="","",OR(ISNUMBER(SEARCH("repair",$G56)),ISNUMBER(SEARCH("not working",$G56)))) -> FALSE | S56: =IF(AND($B56<>"",$M56=TRUE(),$L56=FALSE(),$Q56=FALSE()),COUNTIFS($M$3:$M56,TRUE(),$L$3:$L56,FALSE(),$Q$3:$Q56,FALSE()),"") | T56: =IF($B56="","",IF($Q56=TRUE(),"U1",IF($L56=TRUE(),"S1",IF($M56=TRUE(),"D"&MIN(4,INT(($S56-1)/DisplayCapacity)+1),IF($N56=TRUE(),"K1",IF($O56=TRUE(),"P1",IF($P56=TRUE(),"U1",IF($R56=TRUE(),"U1","W")))))))) -> W | U56: =IF($T56="","",$T56&"-"&COUNTIF($T$3:T56,$T56)) -> W-31 | V56: =IF($B56="","",_xlfn.TEXTJOIN(" | ",TRUE(),IF($Q56=TRUE(),"Empty box - no physical device, verify status",""),IF(AND($P56=TRUE(),$L56=FALSE(),$M56=FALSE(),$N56=FALSE(),$O56=FALSE(),$Q56=FALSE()),"Speaker fault only - needs manual box assignment",""),IF(AND($R56=TRUE(),$L56=FALSE(),$M56=FALSE(),$N56=FALSE(),$O56=FALSE(),$P56=FALSE(),$Q56=FALSE()),"No fault detail given - needs technician inspection",""),IF(AND(COUNTIF($F$3:$F$252,$F56)>1,LOWER(TRIM($F56))<>"empty"),"Duplicate Serial No - verify device identity",""),IF((--$L56+--$M56+--$N56+--$O56+--$P56)>1,"Multiple fault types detected - review full details before repair",""))) | W56: 0
A57: 55 | B57: 46244.436 | C57: X628 | D57: =IF($B57="","",IFERROR(VLOOKUP(TRIM($C57),ModelMap,2,FALSE()),TRIM($C57))) -> X628 | E57: Eheliyagoda | F57: CDQ9194460066 | G57: Working | J57: Colour | K57: =IF($B57="","",LOWER(TRIM($G57)&" | "&TRIM($H57)&" | "&TRIM($I57))) -> working | | | L57: =IF($B57="","",SUMPRODUCT(--ISNUMBER(SEARCH(SensorKW,$K57)))>0) -> FALSE | M57: =IF($B57="","",SUMPRODUCT(--ISNUMBER(SEARCH(DisplayKW,$K57)))>0) -> FALSE | N57: =IF($B57="","",SUMPRODUCT(--ISNUMBER(SEARCH(KeypadKW,$K57)))>0) -> FALSE | O57: =IF($B57="","",SUMPRODUCT(--ISNUMBER(SEARCH(PowerKW,$K57)))>0) -> FALSE | P57: =IF($B57="","",SUMPRODUCT(--ISNUMBER(SEARCH(SpeakerKW,$K57)))>0) -> FALSE | Q57: =IF($B57="","",OR(SUMPRODUCT(--ISNUMBER(SEARCH(EmptyKW,$K57)))>0,LOWER(TRIM($F57))="empty")) -> FALSE | R57: =IF($B57="","",OR(ISNUMBER(SEARCH("repair",$G57)),ISNUMBER(SEARCH("not working",$G57)))) -> FALSE | S57: =IF(AND($B57<>"",$M57=TRUE(),$L57=FALSE(),$Q57=FALSE()),COUNTIFS($M$3:$M57,TRUE(),$L$3:$L57,FALSE(),$Q$3:$Q57,FALSE()),"") | T57: =IF($B57="","",IF($Q57=TRUE(),"U1",IF($L57=TRUE(),"S1",IF($M57=TRUE(),"D"&MIN(4,INT(($S57-1)/DisplayCapacity)+1),IF($N57=TRUE(),"K1",IF($O57=TRUE(),"P1",IF($P57=TRUE(),"U1",IF($R57=TRUE(),"U1","W")))))))) -> W | U57: =IF($T57="","",$T57&"-"&COUNTIF($T$3:T57,$T57)) -> W-32 | V57: =IF($B57="","",_xlfn.TEXTJOIN(" | ",TRUE(),IF($Q57=TRUE(),"Empty box - no physical device, verify status",""),IF(AND($P57=TRUE(),$L57=FALSE(),$M57=FALSE(),$N57=FALSE(),$O57=FALSE(),$Q57=FALSE()),"Speaker fault only - needs manual box assignment",""),IF(AND($R57=TRUE(),$L57=FALSE(),$M57=FALSE(),$N57=FALSE(),$O57=FALSE(),$P57=FALSE(),$Q57=FALSE()),"No fault detail given - needs technician inspection",""),IF(AND(COUNTIF($F$3:$F$252,$F57)>1,LOWER(TRIM($F57))<>"empty"),"Duplicate Serial No - verify device identity",""),IF((--$L57+--$M57+--$N57+--$O57+--$P57)>1,"Multiple fault types detected - review full details before repair",""))) | W57: 0
A58: 56 | B58: 46244.446 | C58: X628 | D58: =IF($B58="","",IFERROR(VLOOKUP(TRIM($C58),ModelMap,2,FALSE()),TRIM($C58))) -> X628 | E58: Ja ela | F58: CDQ9194460068 | G58: Working, Have to Repair | H58: Sensor is not working | J58: Colour | K58: =IF($B58="","",LOWER(TRIM($G58)&" | "&TRIM($H58)&" | "&TRIM($I58))) -> working, have to repair | sensor is not working | | L58: =IF($B58="","",SUMPRODUCT(--ISNUMBER(SEARCH(SensorKW,$K58)))>0) -> TRUE | M58: =IF($B58="","",SUMPRODUCT(--ISNUMBER(SEARCH(DisplayKW,$K58)))>0) -> FALSE | N58: =IF($B58="","",SUMPRODUCT(--ISNUMBER(SEARCH(KeypadKW,$K58)))>0) -> FALSE | O58: =IF($B58="","",SUMPRODUCT(--ISNUMBER(SEARCH(PowerKW,$K58)))>0) -> FALSE | P58: =IF($B58="","",SUMPRODUCT(--ISNUMBER(SEARCH(SpeakerKW,$K58)))>0) -> FALSE | Q58: =IF($B58="","",OR(SUMPRODUCT(--ISNUMBER(SEARCH(EmptyKW,$K58)))>0,LOWER(TRIM($F58))="empty")) -> FALSE | R58: =IF($B58="","",OR(ISNUMBER(SEARCH("repair",$G58)),ISNUMBER(SEARCH("not working",$G58)))) -> TRUE | S58: =IF(AND($B58<>"",$M58=TRUE(),$L58=FALSE(),$Q58=FALSE()),COUNTIFS($M$3:$M58,TRUE(),$L$3:$L58,FALSE(),$Q$3:$Q58,FALSE()),"") | T58: =IF($B58="","",IF($Q58=TRUE(),"U1",IF($L58=TRUE(),"S1",IF($M58=TRUE(),"D"&MIN(4,INT(($S58-1)/DisplayCapacity)+1),IF($N58=TRUE(),"K1",IF($O58=TRUE(),"P1",IF($P58=TRUE(),"U1",IF($R58=TRUE(),"U1","W")))))))) -> S1 | U58: =IF($T58="","",$T58&"-"&COUNTIF($T$3:T58,$T58)) -> S1-12 | V58: =IF($B58="","",_xlfn.TEXTJOIN(" | ",TRUE(),IF($Q58=TRUE(),"Empty box - no physical device, verify status",""),IF(AND($P58=TRUE(),$L58=FALSE(),$M58=FALSE(),$N58=FALSE(),$O58=FALSE(),$Q58=FALSE()),"Speaker fault only - needs manual box assignment",""),IF(AND($R58=TRUE(),$L58=FALSE(),$M58=FALSE(),$N58=FALSE(),$O58=FALSE(),$P58=FALSE(),$Q58=FALSE()),"No fault detail given - needs technician inspection",""),IF(AND(COUNTIF($F$3:$F$252,$F58)>1,LOWER(TRIM($F58))<>"empty"),"Duplicate Serial No - verify device identity",""),IF((--$L58+--$M58+--$N58+--$O58+--$P58)>1,"Multiple fault types detected - review full details before repair",""))) | W58: 0
A59: 57 | B59: 46244.448 | C59: TX628 | D59: =IF($B59="","",IFERROR(VLOOKUP(TRIM($C59),ModelMap,2,FALSE()),TRIM($C59))) -> TX628 | E59: Karapitiya | F59: 6160052016819 | G59: Working | J59: Colour | K59: =IF($B59="","",LOWER(TRIM($G59)&" | "&TRIM($H59)&" | "&TRIM($I59))) -> working | | | L59: =IF($B59="","",SUMPRODUCT(--ISNUMBER(SEARCH(SensorKW,$K59)))>0) -> FALSE | M59: =IF($B59="","",SUMPRODUCT(--ISNUMBER(SEARCH(DisplayKW,$K59)))>0) -> FALSE | N59: =IF($B59="","",SUMPRODUCT(--ISNUMBER(SEARCH(KeypadKW,$K59)))>0) -> FALSE | O59: =IF($B59="","",SUMPRODUCT(--ISNUMBER(SEARCH(PowerKW,$K59)))>0) -> FALSE | P59: =IF($B59="","",SUMPRODUCT(--ISNUMBER(SEARCH(SpeakerKW,$K59)))>0) -> FALSE | Q59: =IF($B59="","",OR(SUMPRODUCT(--ISNUMBER(SEARCH(EmptyKW,$K59)))>0,LOWER(TRIM($F59))="empty")) -> FALSE | R59: =IF($B59="","",OR(ISNUMBER(SEARCH("repair",$G59)),ISNUMBER(SEARCH("not working",$G59)))) -> FALSE | S59: =IF(AND($B59<>"",$M59=TRUE(),$L59=FALSE(),$Q59=FALSE()),COUNTIFS($M$3:$M59,TRUE(),$L$3:$L59,FALSE(),$Q$3:$Q59,FALSE()),"") | T59: =IF($B59="","",IF($Q59=TRUE(),"U1",IF($L59=TRUE(),"S1",IF($M59=TRUE(),"D"&MIN(4,INT(($S59-1)/DisplayCapacity)+1),IF($N59=TRUE(),"K1",IF($O59=TRUE(),"P1",IF($P59=TRUE(),"U1",IF($R59=TRUE(),"U1","W")))))))) -> W | U59: =IF($T59="","",$T59&"-"&COUNTIF($T$3:T59,$T59)) -> W-33 | V59: =IF($B59="","",_xlfn.TEXTJOIN(" | ",TRUE(),IF($Q59=TRUE(),"Empty box - no physical device, verify status",""),IF(AND($P59=TRUE(),$L59=FALSE(),$M59=FALSE(),$N59=FALSE(),$O59=FALSE(),$Q59=FALSE()),"Speaker fault only - needs manual box assignment",""),IF(AND($R59=TRUE(),$L59=FALSE(),$M59=FALSE(),$N59=FALSE(),$O59=FALSE(),$P59=FALSE(),$Q59=FALSE()),"No fault detail given - needs technician inspection",""),IF(AND(COUNTIF($F$3:$F$252,$F59)>1,LOWER(TRIM($F59))<>"empty"),"Duplicate Serial No - verify device identity",""),IF((--$L59+--$M59+--$N59+--$O59+--$P59)>1,"Multiple fault types detected - review full details before repair",""))) | W59: 0
A60: 58 | B60: 46244.456 | C60: TX628 | D60: =IF($B60="","",IFERROR(VLOOKUP(TRIM($C60),ModelMap,2,FALSE()),TRIM($C60))) -> TX628 | E60: Wadduwa | F60: 6160062170056 | G60: Working, Have to Repair | I60: Speaker is not working | J60: Colour | K60: =IF($B60="","",LOWER(TRIM($G60)&" | "&TRIM($H60)&" | "&TRIM($I60))) -> working, have to repair | | speaker is not working | L60: =IF($B60="","",SUMPRODUCT(--ISNUMBER(SEARCH(SensorKW,$K60)))>0) -> FALSE | M60: =IF($B60="","",SUMPRODUCT(--ISNUMBER(SEARCH(DisplayKW,$K60)))>0) -> FALSE | N60: =IF($B60="","",SUMPRODUCT(--ISNUMBER(SEARCH(KeypadKW,$K60)))>0) -> FALSE | O60: =IF($B60="","",SUMPRODUCT(--ISNUMBER(SEARCH(PowerKW,$K60)))>0) -> FALSE | P60: =IF($B60="","",SUMPRODUCT(--ISNUMBER(SEARCH(SpeakerKW,$K60)))>0) -> TRUE | Q60: =IF($B60="","",OR(SUMPRODUCT(--ISNUMBER(SEARCH(EmptyKW,$K60)))>0,LOWER(TRIM($F60))="empty")) -> FALSE | R60: =IF($B60="","",OR(ISNUMBER(SEARCH("repair",$G60)),ISNUMBER(SEARCH("not working",$G60)))) -> TRUE | S60: =IF(AND($B60<>"",$M60=TRUE(),$L60=FALSE(),$Q60=FALSE()),COUNTIFS($M$3:$M60,TRUE(),$L$3:$L60,FALSE(),$Q$3:$Q60,FALSE()),"") | T60: =IF($B60="","",IF($Q60=TRUE(),"U1",IF($L60=TRUE(),"S1",IF($M60=TRUE(),"D"&MIN(4,INT(($S60-1)/DisplayCapacity)+1),IF($N60=TRUE(),"K1",IF($O60=TRUE(),"P1",IF($P60=TRUE(),"U1",IF($R60=TRUE(),"U1","W")))))))) -> U1 | U60: =IF($T60="","",$T60&"-"&COUNTIF($T$3:T60,$T60)) -> U1-2 | V60: =IF($B60="","",_xlfn.TEXTJOIN(" | ",TRUE(),IF($Q60=TRUE(),"Empty box - no physical device, verify status",""),IF(AND($P60=TRUE(),$L60=FALSE(),$M60=FALSE(),$N60=FALSE(),$O60=FALSE(),$Q60=FALSE()),"Speaker fault only - needs manual box assignment",""),IF(AND($R60=TRUE(),$L60=FALSE(),$M60=FALSE(),$N60=FALSE(),$O60=FALSE(),$P60=FALSE(),$Q60=FALSE()),"No fault detail given - needs technician inspection",""),IF(AND(COUNTIF($F$3:$F$252,$F60)>1,LOWER(TRIM($F60))<>"empty"),"Duplicate Serial No - verify device identity",""),IF((--$L60+--$M60+--$N60+--$O60+--$P60)>1,"Multiple fault types detected - review full details before repair",""))) -> Speaker fault only - needs manual box assignment | W60: 0
A61: 59 | B61: 46244.463 | C61: G1 | D61: =IF($B61="","",IFERROR(VLOOKUP(TRIM($C61),ModelMap,2,FALSE()),TRIM($C61))) -> G1 | E61: Jaffna Dimo | F61: OLK7030087030600012 | G61: Working | J61: Colour | K61: =IF($B61="","",LOWER(TRIM($G61)&" | "&TRIM($H61)&" | "&TRIM($I61))) -> working | | | L61: =IF($B61="","",SUMPRODUCT(--ISNUMBER(SEARCH(SensorKW,$K61)))>0) -> FALSE | M61: =IF($B61="","",SUMPRODUCT(--ISNUMBER(SEARCH(DisplayKW,$K61)))>0) -> FALSE | N61: =IF($B61="","",SUMPRODUCT(--ISNUMBER(SEARCH(KeypadKW,$K61)))>0) -> FALSE | O61: =IF($B61="","",SUMPRODUCT(--ISNUMBER(SEARCH(PowerKW,$K61)))>0) -> FALSE | P61: =IF($B61="","",SUMPRODUCT(--ISNUMBER(SEARCH(SpeakerKW,$K61)))>0) -> FALSE | Q61: =IF($B61="","",OR(SUMPRODUCT(--ISNUMBER(SEARCH(EmptyKW,$K61)))>0,LOWER(TRIM($F61))="empty")) -> FALSE | R61: =IF($B61="","",OR(ISNUMBER(SEARCH("repair",$G61)),ISNUMBER(SEARCH("not working",$G61)))) -> FALSE | S61: =IF(AND($B61<>"",$M61=TRUE(),$L61=FALSE(),$Q61=FALSE()),COUNTIFS($M$3:$M61,TRUE(),$L$3:$L61,FALSE(),$Q$3:$Q61,FALSE()),"") | T61: =IF($B61="","",IF($Q61=TRUE(),"U1",IF($L61=TRUE(),"S1",IF($M61=TRUE(),"D"&MIN(4,INT(($S61-1)/DisplayCapacity)+1),IF($N61=TRUE(),"K1",IF($O61=TRUE(),"P1",IF($P61=TRUE(),"U1",IF($R61=TRUE(),"U1","W")))))))) -> W | U61: =IF($T61="","",$T61&"-"&COUNTIF($T$3:T61,$T61)) -> W-34 | V61: =IF($B61="","",_xlfn.TEXTJOIN(" | ",TRUE(),IF($Q61=TRUE(),"Empty box - no physical device, verify status",""),IF(AND($P61=TRUE(),$L61=FALSE(),$M61=FALSE(),$N61=FALSE(),$O61=FALSE(),$Q61=FALSE()),"Speaker fault only - needs manual box assignment",""),IF(AND($R61=TRUE(),$L61=FALSE(),$M61=FALSE(),$N61=FALSE(),$O61=FALSE(),$P61=FALSE(),$Q61=FALSE()),"No fault detail given - needs technician inspection",""),IF(AND(COUNTIF($F$3:$F$252,$F61)>1,LOWER(TRIM($F61))<>"empty"),"Duplicate Serial No - verify device identity",""),IF((--$L61+--$M61+--$N61+--$O61+--$P61)>1,"Multiple fault types detected - review full details before repair",""))) | W61: 0
A62: 60 | B62: 46244.487 | C62: X628 | D62: =IF($B62="","",IFERROR(VLOOKUP(TRIM($C62),ModelMap,2,FALSE()),TRIM($C62))) -> X628 | E62: Kotahena | F62: AEG823490082 | G62: Working, Have to Repair | H62: No sensor and also have power issue some time device is off automatically | J62: Colour | K62: =IF($B62="","",LOWER(TRIM($G62)&" | "&TRIM($H62)&" | "&TRIM($I62))) -> working, have to repair | no sensor and also have power issue some time device is off automatically | | L62: =IF($B62="","",SUMPRODUCT(--ISNUMBER(SEARCH(SensorKW,$K62)))>0) -> TRUE | M62: =IF($B62="","",SUMPRODUCT(--ISNUMBER(SEARCH(DisplayKW,$K62)))>0) -> FALSE | N62: =IF($B62="","",SUMPRODUCT(--ISNUMBER(SEARCH(KeypadKW,$K62)))>0) -> FALSE | O62: =IF($B62="","",SUMPRODUCT(--ISNUMBER(SEARCH(PowerKW,$K62)))>0) -> TRUE | P62: =IF($B62="","",SUMPRODUCT(--ISNUMBER(SEARCH(SpeakerKW,$K62)))>0) -> FALSE | Q62: =IF($B62="","",OR(SUMPRODUCT(--ISNUMBER(SEARCH(EmptyKW,$K62)))>0,LOWER(TRIM($F62))="empty")) -> FALSE | R62: =IF($B62="","",OR(ISNUMBER(SEARCH("repair",$G62)),ISNUMBER(SEARCH("not working",$G62)))) -> TRUE | S62: =IF(AND($B62<>"",$M62=TRUE(),$L62=FALSE(),$Q62=FALSE()),COUNTIFS($M$3:$M62,TRUE(),$L$3:$L62,FALSE(),$Q$3:$Q62,FALSE()),"") | T62: =IF($B62="","",IF($Q62=TRUE(),"U1",IF($L62=TRUE(),"S1",IF($M62=TRUE(),"D"&MIN(4,INT(($S62-1)/DisplayCapacity)+1),IF($N62=TRUE(),"K1",IF($O62=TRUE(),"P1",IF($P62=TRUE(),"U1",IF($R62=TRUE(),"U1","W")))))))) -> S1 | U62: =IF($T62="","",$T62&"-"&COUNTIF($T$3:T62,$T62)) -> S1-13 | V62: =IF($B62="","",_xlfn.TEXTJOIN(" | ",TRUE(),IF($Q62=TRUE(),"Empty box - no physical device, verify status",""),IF(AND($P62=TRUE(),$L62=FALSE(),$M62=FALSE(),$N62=FALSE(),$O62=FALSE(),$Q62=FALSE()),"Speaker fault only - needs manual box assignment",""),IF(AND($R62=TRUE(),$L62=FALSE(),$M62=FALSE(),$N62=FALSE(),$O62=FALSE(),$P62=FALSE(),$Q62=FALSE()),"No fault detail given - needs technician inspection",""),IF(AND(COUNTIF($F$3:$F$252,$F62)>1,LOWER(TRIM($F62))<>"empty"),"Duplicate Serial No - verify device identity",""),IF((--$L62+--$M62+--$N62+--$O62+--$P62)>1,"Multiple fault types detected - review full details before repair",""))) -> Multiple fault types detected - review full details before repair | W62: 0
A63: 61 | B63: 46244.495 | C63: X628 | D63: =IF($B63="","",IFERROR(VLOOKUP(TRIM($C63),ModelMap,2,FALSE()),TRIM($C63))) -> X628 | E63: Nugegoda 02 | F63: AEG82349000081 | G63: Working, Have to Repair | H63: No sensor and also have power issue some time device is off automatically | J63: Colour | K63: =IF($B63="","",LOWER(TRIM($G63)&" | "&TRIM($H63)&" | "&TRIM($I63))) -> working, have to repair | no sensor and also have power issue some time device is off automatically | | L63: =IF($B63="","",SUMPRODUCT(--ISNUMBER(SEARCH(SensorKW,$K63)))>0) -> TRUE | M63: =IF($B63="","",SUMPRODUCT(--ISNUMBER(SEARCH(DisplayKW,$K63)))>0) -> FALSE | N63: =IF($B63="","",SUMPRODUCT(--ISNUMBER(SEARCH(KeypadKW,$K63)))>0) -> FALSE | O63: =IF($B63="","",SUMPRODUCT(--ISNUMBER(SEARCH(PowerKW,$K63)))>0) -> TRUE | P63: =IF($B63="","",SUMPRODUCT(--ISNUMBER(SEARCH(SpeakerKW,$K63)))>0) -> FALSE | Q63: =IF($B63="","",OR(SUMPRODUCT(--ISNUMBER(SEARCH(EmptyKW,$K63)))>0,LOWER(TRIM($F63))="empty")) -> FALSE | R63: =IF($B63="","",OR(ISNUMBER(SEARCH("repair",$G63)),ISNUMBER(SEARCH("not working",$G63)))) -> TRUE | S63: =IF(AND($B63<>"",$M63=TRUE(),$L63=FALSE(),$Q63=FALSE()),COUNTIFS($M$3:$M63,TRUE(),$L$3:$L63,FALSE(),$Q$3:$Q63,FALSE()),"") | T63: =IF($B63="","",IF($Q63=TRUE(),"U1",IF($L63=TRUE(),"S1",IF($M63=TRUE(),"D"&MIN(4,INT(($S63-1)/DisplayCapacity)+1),IF($N63=TRUE(),"K1",IF($O63=TRUE(),"P1",IF($P63=TRUE(),"U1",IF($R63=TRUE(),"U1","W")))))))) -> S1 | U63: =IF($T63="","",$T63&"-"&COUNTIF($T$3:T63,$T63)) -> S1-14 | V63: =IF($B63="","",_xlfn.TEXTJOIN(" | ",TRUE(),IF($Q63=TRUE(),"Empty box - no physical device, verify status",""),IF(AND($P63=TRUE(),$L63=FALSE(),$M63=FALSE(),$N63=FALSE(),$O63=FALSE(),$Q63=FALSE()),"Speaker fault only - needs manual box assignment",""),IF(AND($R63=TRUE(),$L63=FALSE(),$M63=FALSE(),$N63=FALSE(),$O63=FALSE(),$P63=FALSE(),$Q63=FALSE()),"No fault detail given - needs technician inspection",""),IF(AND(COUNTIF($F$3:$F$252,$F63)>1,LOWER(TRIM($F63))<>"empty"),"Duplicate Serial No - verify device identity",""),IF((--$L63+--$M63+--$N63+--$O63+--$P63)>1,"Multiple fault types detected - review full details before repair",""))) -> Multiple fault types detected - review full details before repair | W63: 0
A64: 62 | B64: 46244.499 | C64: x628-C | D64: =IF($B64="","",IFERROR(VLOOKUP(TRIM($C64),ModelMap,2,FALSE()),TRIM($C64))) -> X628-C | E64: Thurstan road | F64: AEG8234800001 | G64: Working | J64: Colour | K64: =IF($B64="","",LOWER(TRIM($G64)&" | "&TRIM($H64)&" | "&TRIM($I64))) -> working | | | L64: =IF($B64="","",SUMPRODUCT(--ISNUMBER(SEARCH(SensorKW,$K64)))>0) -> FALSE | M64: =IF($B64="","",SUMPRODUCT(--ISNUMBER(SEARCH(DisplayKW,$K64)))>0) -> FALSE | N64: =IF($B64="","",SUMPRODUCT(--ISNUMBER(SEARCH(KeypadKW,$K64)))>0) -> FALSE | O64: =IF($B64="","",SUMPRODUCT(--ISNUMBER(SEARCH(PowerKW,$K64)))>0) -> FALSE | P64: =IF($B64="","",SUMPRODUCT(--ISNUMBER(SEARCH(SpeakerKW,$K64)))>0) -> FALSE | Q64: =IF($B64="","",OR(SUMPRODUCT(--ISNUMBER(SEARCH(EmptyKW,$K64)))>0,LOWER(TRIM($F64))="empty")) -> FALSE | R64: =IF($B64="","",OR(ISNUMBER(SEARCH("repair",$G64)),ISNUMBER(SEARCH("not working",$G64)))) -> FALSE | S64: =IF(AND($B64<>"",$M64=TRUE(),$L64=FALSE(),$Q64=FALSE()),COUNTIFS($M$3:$M64,TRUE(),$L$3:$L64,FALSE(),$Q$3:$Q64,FALSE()),"") | T64: =IF($B64="","",IF($Q64=TRUE(),"U1",IF($L64=TRUE(),"S1",IF($M64=TRUE(),"D"&MIN(4,INT(($S64-1)/DisplayCapacity)+1),IF($N64=TRUE(),"K1",IF($O64=TRUE(),"P1",IF($P64=TRUE(),"U1",IF($R64=TRUE(),"U1","W")))))))) -> W | U64: =IF($T64="","",$T64&"-"&COUNTIF($T$3:T64,$T64)) -> W-35 | V64: =IF($B64="","",_xlfn.TEXTJOIN(" | ",TRUE(),IF($Q64=TRUE(),"Empty box - no physical device, verify status",""),IF(AND($P64=TRUE(),$L64=FALSE(),$M64=FALSE(),$N64=FALSE(),$O64=FALSE(),$Q64=FALSE()),"Speaker fault only - needs manual box assignment",""),IF(AND($R64=TRUE(),$L64=FALSE(),$M64=FALSE(),$N64=FALSE(),$O64=FALSE(),$P64=FALSE(),$Q64=FALSE()),"No fault detail given - needs technician inspection",""),IF(AND(COUNTIF($F$3:$F$252,$F64)>1,LOWER(TRIM($F64))<>"empty"),"Duplicate Serial No - verify device identity",""),IF((--$L64+--$M64+--$N64+--$O64+--$P64)>1,"Multiple fault types detected - review full details before repair",""))) | W64: 0
A65: 63 | B65: 46244.502 | C65: X628 | D65: =IF($B65="","",IFERROR(VLOOKUP(TRIM($C65),ModelMap,2,FALSE()),TRIM($C65))) -> X628 | E65: Rathnapitiya | F65: 0063022520001 | G65: Working | J65: Black & White | K65: =IF($B65="","",LOWER(TRIM($G65)&" | "&TRIM($H65)&" | "&TRIM($I65))) -> working | | | L65: =IF($B65="","",SUMPRODUCT(--ISNUMBER(SEARCH(SensorKW,$K65)))>0) -> FALSE | M65: =IF($B65="","",SUMPRODUCT(--ISNUMBER(SEARCH(DisplayKW,$K65)))>0) -> FALSE | N65: =IF($B65="","",SUMPRODUCT(--ISNUMBER(SEARCH(KeypadKW,$K65)))>0) -> FALSE | O65: =IF($B65="","",SUMPRODUCT(--ISNUMBER(SEARCH(PowerKW,$K65)))>0) -> FALSE | P65: =IF($B65="","",SUMPRODUCT(--ISNUMBER(SEARCH(SpeakerKW,$K65)))>0) -> FALSE | Q65: =IF($B65="","",OR(SUMPRODUCT(--ISNUMBER(SEARCH(EmptyKW,$K65)))>0,LOWER(TRIM($F65))="empty")) -> FALSE | R65: =IF($B65="","",OR(ISNUMBER(SEARCH("repair",$G65)),ISNUMBER(SEARCH("not working",$G65)))) -> FALSE | S65: =IF(AND($B65<>"",$M65=TRUE(),$L65=FALSE(),$Q65=FALSE()),COUNTIFS($M$3:$M65,TRUE(),$L$3:$L65,FALSE(),$Q$3:$Q65,FALSE()),"") | T65: =IF($B65="","",IF($Q65=TRUE(),"U1",IF($L65=TRUE(),"S1",IF($M65=TRUE(),"D"&MIN(4,INT(($S65-1)/DisplayCapacity)+1),IF($N65=TRUE(),"K1",IF($O65=TRUE(),"P1",IF($P65=TRUE(),"U1",IF($R65=TRUE(),"U1","W")))))))) -> W | U65: =IF($T65="","",$T65&"-"&COUNTIF($T$3:T65,$T65)) -> W-36 | V65: =IF($B65="","",_xlfn.TEXTJOIN(" | ",TRUE(),IF($Q65=TRUE(),"Empty box - no physical device, verify status",""),IF(AND($P65=TRUE(),$L65=FALSE(),$M65=FALSE(),$N65=FALSE(),$O65=FALSE(),$Q65=FALSE()),"Speaker fault only - needs manual box assignment",""),IF(AND($R65=TRUE(),$L65=FALSE(),$M65=FALSE(),$N65=FALSE(),$O65=FALSE(),$P65=FALSE(),$Q65=FALSE()),"No fault detail given - needs technician inspection",""),IF(AND(COUNTIF($F$3:$F$252,$F65)>1,LOWER(TRIM($F65))<>"empty"),"Duplicate Serial No - verify device identity",""),IF((--$L65+--$M65+--$N65+--$O65+--$P65)>1,"Multiple fault types detected - review full details before repair",""))) | W65: 0
A66: 64 | B66: 46244.506 | C66: X628 | D66: =IF($B66="","",IFERROR(VLOOKUP(TRIM($C66),ModelMap,2,FALSE()),TRIM($C66))) -> X628 | E66: Ragama | F66: 0065653040015 | G66: Working | I66: Display is not clear | J66: Black & White | K66: =IF($B66="","",LOWER(TRIM($G66)&" | "&TRIM($H66)&" | "&TRIM($I66))) -> working | | display is not clear | L66: =IF($B66="","",SUMPRODUCT(--ISNUMBER(SEARCH(SensorKW,$K66)))>0) -> FALSE | M66: =IF($B66="","",SUMPRODUCT(--ISNUMBER(SEARCH(DisplayKW,$K66)))>0) -> TRUE | N66: =IF($B66="","",SUMPRODUCT(--ISNUMBER(SEARCH(KeypadKW,$K66)))>0) -> FALSE | O66: =IF($B66="","",SUMPRODUCT(--ISNUMBER(SEARCH(PowerKW,$K66)))>0) -> FALSE | P66: =IF($B66="","",SUMPRODUCT(--ISNUMBER(SEARCH(SpeakerKW,$K66)))>0) -> FALSE | Q66: =IF($B66="","",OR(SUMPRODUCT(--ISNUMBER(SEARCH(EmptyKW,$K66)))>0,LOWER(TRIM($F66))="empty")) -> FALSE | R66: =IF($B66="","",OR(ISNUMBER(SEARCH("repair",$G66)),ISNUMBER(SEARCH("not working",$G66)))) -> FALSE | S66: =IF(AND($B66<>"",$M66=TRUE(),$L66=FALSE(),$Q66=FALSE()),COUNTIFS($M$3:$M66,TRUE(),$L$3:$L66,FALSE(),$Q$3:$Q66,FALSE()),"") -> 7 | T66: =IF($B66="","",IF($Q66=TRUE(),"U1",IF($L66=TRUE(),"S1",IF($M66=TRUE(),"D"&MIN(4,INT(($S66-1)/DisplayCapacity)+1),IF($N66=TRUE(),"K1",IF($O66=TRUE(),"P1",IF($P66=TRUE(),"U1",IF($R66=TRUE(),"U1","W")))))))) -> D1 | U66: =IF($T66="","",$T66&"-"&COUNTIF($T$3:T66,$T66)) -> D1-7 | V66: =IF($B66="","",_xlfn.TEXTJOIN(" | ",TRUE(),IF($Q66=TRUE(),"Empty box - no physical device, verify status",""),IF(AND($P66=TRUE(),$L66=FALSE(),$M66=FALSE(),$N66=FALSE(),$O66=FALSE(),$Q66=FALSE()),"Speaker fault only - needs manual box assignment",""),IF(AND($R66=TRUE(),$L66=FALSE(),$M66=FALSE(),$N66=FALSE(),$O66=FALSE(),$P66=FALSE(),$Q66=FALSE()),"No fault detail given - needs technician inspection",""),IF(AND(COUNTIF($F$3:$F$252,$F66)>1,LOWER(TRIM($F66))<>"empty"),"Duplicate Serial No - verify device identity",""),IF((--$L66+--$M66+--$N66+--$O66+--$P66)>1,"Multiple fault types detected - review full details before repair",""))) | W66: 0
A67: 65 | B67: 46244.508 | C67: X628-C | D67: =IF($B67="","",IFERROR(VLOOKUP(TRIM($C67),ModelMap,2,FALSE()),TRIM($C67))) -> X628-C | E67: Nuwaraeliya | F67: CDQ9224660007 | G67: Not Working, Have to Repair | H67: No finger print Scanner | I67: have power issue also automatically turn off | J67: Colour | K67: =IF($B67="","",LOWER(TRIM($G67)&" | "&TRIM($H67)&" | "&TRIM($I67))) -> not working, have to repair | no finger print scanner | have power issue also automatically turn off | L67: =IF($B67="","",SUMPRODUCT(--ISNUMBER(SEARCH(SensorKW,$K67)))>0) -> TRUE | M67: =IF($B67="","",SUMPRODUCT(--ISNUMBER(SEARCH(DisplayKW,$K67)))>0) -> FALSE | N67: =IF($B67="","",SUMPRODUCT(--ISNUMBER(SEARCH(KeypadKW,$K67)))>0) -> FALSE | O67: =IF($B67="","",SUMPRODUCT(--ISNUMBER(SEARCH(PowerKW,$K67)))>0) -> TRUE | P67: =IF($B67="","",SUMPRODUCT(--ISNUMBER(SEARCH(SpeakerKW,$K67)))>0) -> FALSE | Q67: =IF($B67="","",OR(SUMPRODUCT(--ISNUMBER(SEARCH(EmptyKW,$K67)))>0,LOWER(TRIM($F67))="empty")) -> FALSE | R67: =IF($B67="","",OR(ISNUMBER(SEARCH("repair",$G67)),ISNUMBER(SEARCH("not working",$G67)))) -> TRUE | S67: =IF(AND($B67<>"",$M67=TRUE(),$L67=FALSE(),$Q67=FALSE()),COUNTIFS($M$3:$M67,TRUE(),$L$3:$L67,FALSE(),$Q$3:$Q67,FALSE()),"") | T67: =IF($B67="","",IF($Q67=TRUE(),"U1",IF($L67=TRUE(),"S1",IF($M67=TRUE(),"D"&MIN(4,INT(($S67-1)/DisplayCapacity)+1),IF($N67=TRUE(),"K1",IF($O67=TRUE(),"P1",IF($P67=TRUE(),"U1",IF($R67=TRUE(),"U1","W")))))))) -> S1 | U67: =IF($T67="","",$T67&"-"&COUNTIF($T$3:T67,$T67)) -> S1-15 | V67: =IF($B67="","",_xlfn.TEXTJOIN(" | ",TRUE(),IF($Q67=TRUE(),"Empty box - no physical device, verify status",""),IF(AND($P67=TRUE(),$L67=FALSE(),$M67=FALSE(),$N67=FALSE(),$O67=FALSE(),$Q67=FALSE()),"Speaker fault only - needs manual box assignment",""),IF(AND($R67=TRUE(),$L67=FALSE(),$M67=FALSE(),$N67=FALSE(),$O67=FALSE(),$P67=FALSE(),$Q67=FALSE()),"No fault detail given - needs technician inspection",""),IF(AND(COUNTIF($F$3:$F$252,$F67)>1,LOWER(TRIM($F67))<>"empty"),"Duplicate Serial No - verify device identity",""),IF((--$L67+--$M67+--$N67+--$O67+--$P67)>1,"Multiple fault types detected - review full details before repair",""))) -> Multiple fault types detected - review full details before repair | W67: 0
A68: 66 | B68: 46244.532 | C68: X628 | D68: =IF($B68="","",IFERROR(VLOOKUP(TRIM($C68),ModelMap,2,FALSE()),TRIM($C68))) -> X628 | E68: Kohuwala 02 | F68: 6006183600001 | G68: Working, Have to Repair | H68: Sensor is not working | J68: Black & White | K68: =IF($B68="","",LOWER(TRIM($G68)&" | "&TRIM($H68)&" | "&TRIM($I68))) -> working, have to repair | sensor is not working | | L68: =IF($B68="","",SUMPRODUCT(--ISNUMBER(SEARCH(SensorKW,$K68)))>0) -> TRUE | M68: =IF($B68="","",SUMPRODUCT(--ISNUMBER(SEARCH(DisplayKW,$K68)))>0) -> FALSE | N68: =IF($B68="","",SUMPRODUCT(--ISNUMBER(SEARCH(KeypadKW,$K68)))>0) -> FALSE | O68: =IF($B68="","",SUMPRODUCT(--ISNUMBER(SEARCH(PowerKW,$K68)))>0) -> FALSE | P68: =IF($B68="","",SUMPRODUCT(--ISNUMBER(SEARCH(SpeakerKW,$K68)))>0) -> FALSE | Q68: =IF($B68="","",OR(SUMPRODUCT(--ISNUMBER(SEARCH(EmptyKW,$K68)))>0,LOWER(TRIM($F68))="empty")) -> FALSE | R68: =IF($B68="","",OR(ISNUMBER(SEARCH("repair",$G68)),ISNUMBER(SEARCH("not working",$G68)))) -> TRUE | S68: =IF(AND($B68<>"",$M68=TRUE(),$L68=FALSE(),$Q68=FALSE()),COUNTIFS($M$3:$M68,TRUE(),$L$3:$L68,FALSE(),$Q$3:$Q68,FALSE()),"") | T68: =IF($B68="","",IF($Q68=TRUE(),"U1",IF($L68=TRUE(),"S1",IF($M68=TRUE(),"D"&MIN(4,INT(($S68-1)/DisplayCapacity)+1),IF($N68=TRUE(),"K1",IF($O68=TRUE(),"P1",IF($P68=TRUE(),"U1",IF($R68=TRUE(),"U1","W")))))))) -> S1 | U68: =IF($T68="","",$T68&"-"&COUNTIF($T$3:T68,$T68)) -> S1-16 | V68: =IF($B68="","",_xlfn.TEXTJOIN(" | ",TRUE(),IF($Q68=TRUE(),"Empty box - no physical device, verify status",""),IF(AND($P68=TRUE(),$L68=FALSE(),$M68=FALSE(),$N68=FALSE(),$O68=FALSE(),$Q68=FALSE()),"Speaker fault only - needs manual box assignment",""),IF(AND($R68=TRUE(),$L68=FALSE(),$M68=FALSE(),$N68=FALSE(),$O68=FALSE(),$P68=FALSE(),$Q68=FALSE()),"No fault detail given - needs technician inspection",""),IF(AND(COUNTIF($F$3:$F$252,$F68)>1,LOWER(TRIM($F68))<>"empty"),"Duplicate Serial No - verify device identity",""),IF((--$L68+--$M68+--$N68+--$O68+--$P68)>1,"Multiple fault types detected - review full details before repair",""))) | W68: 0
A69: 67 | B69: 46244.593 | C69: X628 | D69: =IF($B69="","",IFERROR(VLOOKUP(TRIM($C69),ModelMap,2,FALSE()),TRIM($C69))) -> X628 | E69: Mathara | F69: 0065653040004 | G69: Working | I69: display is little bit unclear | J69: Black & White | K69: =IF($B69="","",LOWER(TRIM($G69)&" | "&TRIM($H69)&" | "&TRIM($I69))) -> working | | display is little bit unclear | L69: =IF($B69="","",SUMPRODUCT(--ISNUMBER(SEARCH(SensorKW,$K69)))>0) -> FALSE | M69: =IF($B69="","",SUMPRODUCT(--ISNUMBER(SEARCH(DisplayKW,$K69)))>0) -> TRUE | N69: =IF($B69="","",SUMPRODUCT(--ISNUMBER(SEARCH(KeypadKW,$K69)))>0) -> FALSE | O69: =IF($B69="","",SUMPRODUCT(--ISNUMBER(SEARCH(PowerKW,$K69)))>0) -> FALSE | P69: =IF($B69="","",SUMPRODUCT(--ISNUMBER(SEARCH(SpeakerKW,$K69)))>0) -> FALSE | Q69: =IF($B69="","",OR(SUMPRODUCT(--ISNUMBER(SEARCH(EmptyKW,$K69)))>0,LOWER(TRIM($F69))="empty")) -> FALSE | R69: =IF($B69="","",OR(ISNUMBER(SEARCH("repair",$G69)),ISNUMBER(SEARCH("not working",$G69)))) -> FALSE | S69: =IF(AND($B69<>"",$M69=TRUE(),$L69=FALSE(),$Q69=FALSE()),COUNTIFS($M$3:$M69,TRUE(),$L$3:$L69,FALSE(),$Q$3:$Q69,FALSE()),"") -> 8 | T69: =IF($B69="","",IF($Q69=TRUE(),"U1",IF($L69=TRUE(),"S1",IF($M69=TRUE(),"D"&MIN(4,INT(($S69-1)/DisplayCapacity)+1),IF($N69=TRUE(),"K1",IF($O69=TRUE(),"P1",IF($P69=TRUE(),"U1",IF($R69=TRUE(),"U1","W")))))))) -> D2 | U69: =IF($T69="","",$T69&"-"&COUNTIF($T$3:T69,$T69)) -> D2-1 | V69: =IF($B69="","",_xlfn.TEXTJOIN(" | ",TRUE(),IF($Q69=TRUE(),"Empty box - no physical device, verify status",""),IF(AND($P69=TRUE(),$L69=FALSE(),$M69=FALSE(),$N69=FALSE(),$O69=FALSE(),$Q69=FALSE()),"Speaker fault only - needs manual box assignment",""),IF(AND($R69=TRUE(),$L69=FALSE(),$M69=FALSE(),$N69=FALSE(),$O69=FALSE(),$P69=FALSE(),$Q69=FALSE()),"No fault detail given - needs technician inspection",""),IF(AND(COUNTIF($F$3:$F$252,$F69)>1,LOWER(TRIM($F69))<>"empty"),"Duplicate Serial No - verify device identity",""),IF((--$L69+--$M69+--$N69+--$O69+--$P69)>1,"Multiple fault types detected - review full details before repair",""))) | W69: 0
A70: 68 | B70: 46244.594 | C70: X628 | D70: =IF($B70="","",IFERROR(VLOOKUP(TRIM($C70),ModelMap,2,FALSE()),TRIM($C70))) -> X628 | E70: Galle | F70: 0060972240003 | G70: Working | J70: Black & White | K70: =IF($B70="","",LOWER(TRIM($G70)&" | "&TRIM($H70)&" | "&TRIM($I70))) -> working | | | L70: =IF($B70="","",SUMPRODUCT(--ISNUMBER(SEARCH(SensorKW,$K70)))>0) -> FALSE | M70: =IF($B70="","",SUMPRODUCT(--ISNUMBER(SEARCH(DisplayKW,$K70)))>0) -> FALSE | N70: =IF($B70="","",SUMPRODUCT(--ISNUMBER(SEARCH(KeypadKW,$K70)))>0) -> FALSE | O70: =IF($B70="","",SUMPRODUCT(--ISNUMBER(SEARCH(PowerKW,$K70)))>0) -> FALSE | P70: =IF($B70="","",SUMPRODUCT(--ISNUMBER(SEARCH(SpeakerKW,$K70)))>0) -> FALSE | Q70: =IF($B70="","",OR(SUMPRODUCT(--ISNUMBER(SEARCH(EmptyKW,$K70)))>0,LOWER(TRIM($F70))="empty")) -> FALSE | R70: =IF($B70="","",OR(ISNUMBER(SEARCH("repair",$G70)),ISNUMBER(SEARCH("not working",$G70)))) -> FALSE | S70: =IF(AND($B70<>"",$M70=TRUE(),$L70=FALSE(),$Q70=FALSE()),COUNTIFS($M$3:$M70,TRUE(),$L$3:$L70,FALSE(),$Q$3:$Q70,FALSE()),"") | T70: =IF($B70="","",IF($Q70=TRUE(),"U1",IF($L70=TRUE(),"S1",IF($M70=TRUE(),"D"&MIN(4,INT(($S70-1)/DisplayCapacity)+1),IF($N70=TRUE(),"K1",IF($O70=TRUE(),"P1",IF($P70=TRUE(),"U1",IF($R70=TRUE(),"U1","W")))))))) -> W | U70: =IF($T70="","",$T70&"-"&COUNTIF($T$3:T70,$T70)) -> W-37 | V70: =IF($B70="","",_xlfn.TEXTJOIN(" | ",TRUE(),IF($Q70=TRUE(),"Empty box - no physical device, verify status",""),IF(AND($P70=TRUE(),$L70=FALSE(),$M70=FALSE(),$N70=FALSE(),$O70=FALSE(),$Q70=FALSE()),"Speaker fault only - needs manual box assignment",""),IF(AND($R70=TRUE(),$L70=FALSE(),$M70=FALSE(),$N70=FALSE(),$O70=FALSE(),$P70=FALSE(),$Q70=FALSE()),"No fault detail given - needs technician inspection",""),IF(AND(COUNTIF($F$3:$F$252,$F70)>1,LOWER(TRIM($F70))<>"empty"),"Duplicate Serial No - verify device identity",""),IF((--$L70+--$M70+--$N70+--$O70+--$P70)>1,"Multiple fault types detected - review full details before repair",""))) | W70: 0
A71: 69 | B71: 46244.597 | C71: X628 | D71: =IF($B71="","",IFERROR(VLOOKUP(TRIM($C71),ModelMap,2,FALSE()),TRIM($C71))) -> X628 | E71: Pitakotte | F71: 6006173400005 | G71: Working | I71: display is little bit unclear | J71: Black & White | K71: =IF($B71="","",LOWER(TRIM($G71)&" | "&TRIM($H71)&" | "&TRIM($I71))) -> working | | display is little bit unclear | L71: =IF($B71="","",SUMPRODUCT(--ISNUMBER(SEARCH(SensorKW,$K71)))>0) -> FALSE | M71: =IF($B71="","",SUMPRODUCT(--ISNUMBER(SEARCH(DisplayKW,$K71)))>0) -> TRUE | N71: =IF($B71="","",SUMPRODUCT(--ISNUMBER(SEARCH(KeypadKW,$K71)))>0) -> FALSE | O71: =IF($B71="","",SUMPRODUCT(--ISNUMBER(SEARCH(PowerKW,$K71)))>0) -> FALSE | P71: =IF($B71="","",SUMPRODUCT(--ISNUMBER(SEARCH(SpeakerKW,$K71)))>0) -> FALSE | Q71: =IF($B71="","",OR(SUMPRODUCT(--ISNUMBER(SEARCH(EmptyKW,$K71)))>0,LOWER(TRIM($F71))="empty")) -> FALSE | R71: =IF($B71="","",OR(ISNUMBER(SEARCH("repair",$G71)),ISNUMBER(SEARCH("not working",$G71)))) -> FALSE | S71: =IF(AND($B71<>"",$M71=TRUE(),$L71=FALSE(),$Q71=FALSE()),COUNTIFS($M$3:$M71,TRUE(),$L$3:$L71,FALSE(),$Q$3:$Q71,FALSE()),"") -> 9 | T71: =IF($B71="","",IF($Q71=TRUE(),"U1",IF($L71=TRUE(),"S1",IF($M71=TRUE(),"D"&MIN(4,INT(($S71-1)/DisplayCapacity)+1),IF($N71=TRUE(),"K1",IF($O71=TRUE(),"P1",IF($P71=TRUE(),"U1",IF($R71=TRUE(),"U1","W")))))))) -> D2 | U71: =IF($T71="","",$T71&"-"&COUNTIF($T$3:T71,$T71)) -> D2-2 | V71: =IF($B71="","",_xlfn.TEXTJOIN(" | ",TRUE(),IF($Q71=TRUE(),"Empty box - no physical device, verify status",""),IF(AND($P71=TRUE(),$L71=FALSE(),$M71=FALSE(),$N71=FALSE(),$O71=FALSE(),$Q71=FALSE()),"Speaker fault only - needs manual box assignment",""),IF(AND($R71=TRUE(),$L71=FALSE(),$M71=FALSE(),$N71=FALSE(),$O71=FALSE(),$P71=FALSE(),$Q71=FALSE()),"No fault detail given - needs technician inspection",""),IF(AND(COUNTIF($F$3:$F$252,$F71)>1,LOWER(TRIM($F71))<>"empty"),"Duplicate Serial No - verify device identity",""),IF((--$L71+--$M71+--$N71+--$O71+--$P71)>1,"Multiple fault types detected - review full details before repair",""))) | W71: 0
A72: 70 | B72: 46244.598 | C72: X628 | D72: =IF($B72="","",IFERROR(VLOOKUP(TRIM($C72),ModelMap,2,FALSE()),TRIM($C72))) -> X628 | E72: Mulleriyawa | F72: A5SA182660002 | G72: Working | J72: Black & White | K72: =IF($B72="","",LOWER(TRIM($G72)&" | "&TRIM($H72)&" | "&TRIM($I72))) -> working | | | L72: =IF($B72="","",SUMPRODUCT(--ISNUMBER(SEARCH(SensorKW,$K72)))>0) -> FALSE | M72: =IF($B72="","",SUMPRODUCT(--ISNUMBER(SEARCH(DisplayKW,$K72)))>0) -> FALSE | N72: =IF($B72="","",SUMPRODUCT(--ISNUMBER(SEARCH(KeypadKW,$K72)))>0) -> FALSE | O72: =IF($B72="","",SUMPRODUCT(--ISNUMBER(SEARCH(PowerKW,$K72)))>0) -> FALSE | P72: =IF($B72="","",SUMPRODUCT(--ISNUMBER(SEARCH(SpeakerKW,$K72)))>0) -> FALSE | Q72: =IF($B72="","",OR(SUMPRODUCT(--ISNUMBER(SEARCH(EmptyKW,$K72)))>0,LOWER(TRIM($F72))="empty")) -> FALSE | R72: =IF($B72="","",OR(ISNUMBER(SEARCH("repair",$G72)),ISNUMBER(SEARCH("not working",$G72)))) -> FALSE | S72: =IF(AND($B72<>"",$M72=TRUE(),$L72=FALSE(),$Q72=FALSE()),COUNTIFS($M$3:$M72,TRUE(),$L$3:$L72,FALSE(),$Q$3:$Q72,FALSE()),"") | T72: =IF($B72="","",IF($Q72=TRUE(),"U1",IF($L72=TRUE(),"S1",IF($M72=TRUE(),"D"&MIN(4,INT(($S72-1)/DisplayCapacity)+1),IF($N72=TRUE(),"K1",IF($O72=TRUE(),"P1",IF($P72=TRUE(),"U1",IF($R72=TRUE(),"U1","W")))))))) -> W | U72: =IF($T72="","",$T72&"-"&COUNTIF($T$3:T72,$T72)) -> W-38 | V72: =IF($B72="","",_xlfn.TEXTJOIN(" | ",TRUE(),IF($Q72=TRUE(),"Empty box - no physical device, verify status",""),IF(AND($P72=TRUE(),$L72=FALSE(),$M72=FALSE(),$N72=FALSE(),$O72=FALSE(),$Q72=FALSE()),"Speaker fault only - needs manual box assignment",""),IF(AND($R72=TRUE(),$L72=FALSE(),$M72=FALSE(),$N72=FALSE(),$O72=FALSE(),$P72=FALSE(),$Q72=FALSE()),"No fault detail given - needs technician inspection",""),IF(AND(COUNTIF($F$3:$F$252,$F72)>1,LOWER(TRIM($F72))<>"empty"),"Duplicate Serial No - verify device identity",""),IF((--$L72+--$M72+--$N72+--$O72+--$P72)>1,"Multiple fault types detected - review full details before repair",""))) | W72: 0
A73: 71 | B73: 46244.605 | C73: X628 | D73: =IF($B73="","",IFERROR(VLOOKUP(TRIM($C73),ModelMap,2,FALSE()),TRIM($C73))) -> X628 | E73: Tyre Junction | F73: 0065172410001 | G73: Working | I73: Display is not clear | J73: Black & White | K73: =IF($B73="","",LOWER(TRIM($G73)&" | "&TRIM($H73)&" | "&TRIM($I73))) -> working | | display is not clear | L73: =IF($B73="","",SUMPRODUCT(--ISNUMBER(SEARCH(SensorKW,$K73)))>0) -> FALSE | M73: =IF($B73="","",SUMPRODUCT(--ISNUMBER(SEARCH(DisplayKW,$K73)))>0) -> TRUE | N73: =IF($B73="","",SUMPRODUCT(--ISNUMBER(SEARCH(KeypadKW,$K73)))>0) -> FALSE | O73: =IF($B73="","",SUMPRODUCT(--ISNUMBER(SEARCH(PowerKW,$K73)))>0) -> FALSE | P73: =IF($B73="","",SUMPRODUCT(--ISNUMBER(SEARCH(SpeakerKW,$K73)))>0) -> FALSE | Q73: =IF($B73="","",OR(SUMPRODUCT(--ISNUMBER(SEARCH(EmptyKW,$K73)))>0,LOWER(TRIM($F73))="empty")) -> FALSE | R73: =IF($B73="","",OR(ISNUMBER(SEARCH("repair",$G73)),ISNUMBER(SEARCH("not working",$G73)))) -> FALSE | S73: =IF(AND($B73<>"",$M73=TRUE(),$L73=FALSE(),$Q73=FALSE()),COUNTIFS($M$3:$M73,TRUE(),$L$3:$L73,FALSE(),$Q$3:$Q73,FALSE()),"") -> 10 | T73: =IF($B73="","",IF($Q73=TRUE(),"U1",IF($L73=TRUE(),"S1",IF($M73=TRUE(),"D"&MIN(4,INT(($S73-1)/DisplayCapacity)+1),IF($N73=TRUE(),"K1",IF($O73=TRUE(),"P1",IF($P73=TRUE(),"U1",IF($R73=TRUE(),"U1","W")))))))) -> D2 | U73: =IF($T73="","",$T73&"-"&COUNTIF($T$3:T73,$T73)) -> D2-3 | V73: =IF($B73="","",_xlfn.TEXTJOIN(" | ",TRUE(),IF($Q73=TRUE(),"Empty box - no physical device, verify status",""),IF(AND($P73=TRUE(),$L73=FALSE(),$M73=FALSE(),$N73=FALSE(),$O73=FALSE(),$Q73=FALSE()),"Speaker fault only - needs manual box assignment",""),IF(AND($R73=TRUE(),$L73=FALSE(),$M73=FALSE(),$N73=FALSE(),$O73=FALSE(),$P73=FALSE(),$Q73=FALSE()),"No fault detail given - needs technician inspection",""),IF(AND(COUNTIF($F$3:$F$252,$F73)>1,LOWER(TRIM($F73))<>"empty"),"Duplicate Serial No - verify device identity",""),IF((--$L73+--$M73+--$N73+--$O73+--$P73)>1,"Multiple fault types detected - review full details before repair",""))) | W73: 0
A74: 72 | B74: 46244.608 | C74: X628 | D74: =IF($B74="","",IFERROR(VLOOKUP(TRIM($C74),ModelMap,2,FALSE()),TRIM($C74))) -> X628 | E74: Mathara 02 | F74: A5RN173460003 | G74: Working | J74: Black & White | K74: =IF($B74="","",LOWER(TRIM($G74)&" | "&TRIM($H74)&" | "&TRIM($I74))) -> working | | | L74: =IF($B74="","",SUMPRODUCT(--ISNUMBER(SEARCH(SensorKW,$K74)))>0) -> FALSE | M74: =IF($B74="","",SUMPRODUCT(--ISNUMBER(SEARCH(DisplayKW,$K74)))>0) -> FALSE | N74: =IF($B74="","",SUMPRODUCT(--ISNUMBER(SEARCH(KeypadKW,$K74)))>0) -> FALSE | O74: =IF($B74="","",SUMPRODUCT(--ISNUMBER(SEARCH(PowerKW,$K74)))>0) -> FALSE | P74: =IF($B74="","",SUMPRODUCT(--ISNUMBER(SEARCH(SpeakerKW,$K74)))>0) -> FALSE | Q74: =IF($B74="","",OR(SUMPRODUCT(--ISNUMBER(SEARCH(EmptyKW,$K74)))>0,LOWER(TRIM($F74))="empty")) -> FALSE | R74: =IF($B74="","",OR(ISNUMBER(SEARCH("repair",$G74)),ISNUMBER(SEARCH("not working",$G74)))) -> FALSE | S74: =IF(AND($B74<>"",$M74=TRUE(),$L74=FALSE(),$Q74=FALSE()),COUNTIFS($M$3:$M74,TRUE(),$L$3:$L74,FALSE(),$Q$3:$Q74,FALSE()),"") | T74: =IF($B74="","",IF($Q74=TRUE(),"U1",IF($L74=TRUE(),"S1",IF($M74=TRUE(),"D"&MIN(4,INT(($S74-1)/DisplayCapacity)+1),IF($N74=TRUE(),"K1",IF($O74=TRUE(),"P1",IF($P74=TRUE(),"U1",IF($R74=TRUE(),"U1","W")))))))) -> W | U74: =IF($T74="","",$T74&"-"&COUNTIF($T$3:T74,$T74)) -> W-39 | V74: =IF($B74="","",_xlfn.TEXTJOIN(" | ",TRUE(),IF($Q74=TRUE(),"Empty box - no physical device, verify status",""),IF(AND($P74=TRUE(),$L74=FALSE(),$M74=FALSE(),$N74=FALSE(),$O74=FALSE(),$Q74=FALSE()),"Speaker fault only - needs manual box assignment",""),IF(AND($R74=TRUE(),$L74=FALSE(),$M74=FALSE(),$N74=FALSE(),$O74=FALSE(),$P74=FALSE(),$Q74=FALSE()),"No fault detail given - needs technician inspection",""),IF(AND(COUNTIF($F$3:$F$252,$F74)>1,LOWER(TRIM($F74))<>"empty"),"Duplicate Serial No - verify device identity",""),IF((--$L74+--$M74+--$N74+--$O74+--$P74)>1,"Multiple fault types detected - review full details before repair",""))) | W74: 0
A75: 73 | B75: 46244.609 | C75: X628 | D75: =IF($B75="","",IFERROR(VLOOKUP(TRIM($C75),ModelMap,2,FALSE()),TRIM($C75))) -> X628 | E75: Edmonton | F75: 6006171200001 | G75: Working | J75: Black & White | K75: =IF($B75="","",LOWER(TRIM($G75)&" | "&TRIM($H75)&" | "&TRIM($I75))) -> working | | | L75: =IF($B75="","",SUMPRODUCT(--ISNUMBER(SEARCH(SensorKW,$K75)))>0) -> FALSE | M75: =IF($B75="","",SUMPRODUCT(--ISNUMBER(SEARCH(DisplayKW,$K75)))>0) -> FALSE | N75: =IF($B75="","",SUMPRODUCT(--ISNUMBER(SEARCH(KeypadKW,$K75)))>0) -> FALSE | O75: =IF($B75="","",SUMPRODUCT(--ISNUMBER(SEARCH(PowerKW,$K75)))>0) -> FALSE | P75: =IF($B75="","",SUMPRODUCT(--ISNUMBER(SEARCH(SpeakerKW,$K75)))>0) -> FALSE | Q75: =IF($B75="","",OR(SUMPRODUCT(--ISNUMBER(SEARCH(EmptyKW,$K75)))>0,LOWER(TRIM($F75))="empty")) -> FALSE | R75: =IF($B75="","",OR(ISNUMBER(SEARCH("repair",$G75)),ISNUMBER(SEARCH("not working",$G75)))) -> FALSE | S75: =IF(AND($B75<>"",$M75=TRUE(),$L75=FALSE(),$Q75=FALSE()),COUNTIFS($M$3:$M75,TRUE(),$L$3:$L75,FALSE(),$Q$3:$Q75,FALSE()),"") | T75: =IF($B75="","",IF($Q75=TRUE(),"U1",IF($L75=TRUE(),"S1",IF($M75=TRUE(),"D"&MIN(4,INT(($S75-1)/DisplayCapacity)+1),IF($N75=TRUE(),"K1",IF($O75=TRUE(),"P1",IF($P75=TRUE(),"U1",IF($R75=TRUE(),"U1","W")))))))) -> W | U75: =IF($T75="","",$T75&"-"&COUNTIF($T$3:T75,$T75)) -> W-40 | V75: =IF($B75="","",_xlfn.TEXTJOIN(" | ",TRUE(),IF($Q75=TRUE(),"Empty box - no physical device, verify status",""),IF(AND($P75=TRUE(),$L75=FALSE(),$M75=FALSE(),$N75=FALSE(),$O75=FALSE(),$Q75=FALSE()),"Speaker fault only - needs manual box assignment",""),IF(AND($R75=TRUE(),$L75=FALSE(),$M75=FALSE(),$N75=FALSE(),$O75=FALSE(),$P75=FALSE(),$Q75=FALSE()),"No fault detail given - needs technician inspection",""),IF(AND(COUNTIF($F$3:$F$252,$F75)>1,LOWER(TRIM($F75))<>"empty"),"Duplicate Serial No - verify device identity",""),IF((--$L75+--$M75+--$N75+--$O75+--$P75)>1,"Multiple fault types detected - review full details before repair",""))) | W75: 0
A76: 74 | B76: 46244.612 | C76: X628 | D76: =IF($B76="","",IFERROR(VLOOKUP(TRIM($C76),ModelMap,2,FALSE()),TRIM($C76))) -> X628 | E76: Rajagiriya 02 | F76: 6006154200005 | G76: Working | I76: display is little bit un clear | J76: Black & White | K76: =IF($B76="","",LOWER(TRIM($G76)&" | "&TRIM($H76)&" | "&TRIM($I76))) -> working | | display is little bit un clear | L76: =IF($B76="","",SUMPRODUCT(--ISNUMBER(SEARCH(SensorKW,$K76)))>0) -> FALSE | M76: =IF($B76="","",SUMPRODUCT(--ISNUMBER(SEARCH(DisplayKW,$K76)))>0) -> TRUE | N76: =IF($B76="","",SUMPRODUCT(--ISNUMBER(SEARCH(KeypadKW,$K76)))>0) -> FALSE | O76: =IF($B76="","",SUMPRODUCT(--ISNUMBER(SEARCH(PowerKW,$K76)))>0) -> FALSE | P76: =IF($B76="","",SUMPRODUCT(--ISNUMBER(SEARCH(SpeakerKW,$K76)))>0) -> FALSE | Q76: =IF($B76="","",OR(SUMPRODUCT(--ISNUMBER(SEARCH(EmptyKW,$K76)))>0,LOWER(TRIM($F76))="empty")) -> FALSE | R76: =IF($B76="","",OR(ISNUMBER(SEARCH("repair",$G76)),ISNUMBER(SEARCH("not working",$G76)))) -> FALSE | S76: =IF(AND($B76<>"",$M76=TRUE(),$L76=FALSE(),$Q76=FALSE()),COUNTIFS($M$3:$M76,TRUE(),$L$3:$L76,FALSE(),$Q$3:$Q76,FALSE()),"") -> 11 | T76: =IF($B76="","",IF($Q76=TRUE(),"U1",IF($L76=TRUE(),"S1",IF($M76=TRUE(),"D"&MIN(4,INT(($S76-1)/DisplayCapacity)+1),IF($N76=TRUE(),"K1",IF($O76=TRUE(),"P1",IF($P76=TRUE(),"U1",IF($R76=TRUE(),"U1","W")))))))) -> D2 | U76: =IF($T76="","",$T76&"-"&COUNTIF($T$3:T76,$T76)) -> D2-4 | V76: =IF($B76="","",_xlfn.TEXTJOIN(" | ",TRUE(),IF($Q76=TRUE(),"Empty box - no physical device, verify status",""),IF(AND($P76=TRUE(),$L76=FALSE(),$M76=FALSE(),$N76=FALSE(),$O76=FALSE(),$Q76=FALSE()),"Speaker fault only - needs manual box assignment",""),IF(AND($R76=TRUE(),$L76=FALSE(),$M76=FALSE(),$N76=FALSE(),$O76=FALSE(),$P76=FALSE(),$Q76=FALSE()),"No fault detail given - needs technician inspection",""),IF(AND(COUNTIF($F$3:$F$252,$F76)>1,LOWER(TRIM($F76))<>"empty"),"Duplicate Serial No - verify device identity",""),IF((--$L76+--$M76+--$N76+--$O76+--$P76)>1,"Multiple fault types detected - review full details before repair",""))) | W76: 0
A77: 75 | B77: 46244.613 | C77: TX628 | D77: =IF($B77="","",IFERROR(VLOOKUP(TRIM($C77),ModelMap,2,FALSE()),TRIM($C77))) -> TX628 | E77: Vidyala Junction | F77: 6160052016814 | G77: Working | J77: Colour | K77: =IF($B77="","",LOWER(TRIM($G77)&" | "&TRIM($H77)&" | "&TRIM($I77))) -> working | | | L77: =IF($B77="","",SUMPRODUCT(--ISNUMBER(SEARCH(SensorKW,$K77)))>0) -> FALSE | M77: =IF($B77="","",SUMPRODUCT(--ISNUMBER(SEARCH(DisplayKW,$K77)))>0) -> FALSE | N77: =IF($B77="","",SUMPRODUCT(--ISNUMBER(SEARCH(KeypadKW,$K77)))>0) -> FALSE | O77: =IF($B77="","",SUMPRODUCT(--ISNUMBER(SEARCH(PowerKW,$K77)))>0) -> FALSE | P77: =IF($B77="","",SUMPRODUCT(--ISNUMBER(SEARCH(SpeakerKW,$K77)))>0) -> FALSE | Q77: =IF($B77="","",OR(SUMPRODUCT(--ISNUMBER(SEARCH(EmptyKW,$K77)))>0,LOWER(TRIM($F77))="empty")) -> FALSE | R77: =IF($B77="","",OR(ISNUMBER(SEARCH("repair",$G77)),ISNUMBER(SEARCH("not working",$G77)))) -> FALSE | S77: =IF(AND($B77<>"",$M77=TRUE(),$L77=FALSE(),$Q77=FALSE()),COUNTIFS($M$3:$M77,TRUE(),$L$3:$L77,FALSE(),$Q$3:$Q77,FALSE()),"") | T77: =IF($B77="","",IF($Q77=TRUE(),"U1",IF($L77=TRUE(),"S1",IF($M77=TRUE(),"D"&MIN(4,INT(($S77-1)/DisplayCapacity)+1),IF($N77=TRUE(),"K1",IF($O77=TRUE(),"P1",IF($P77=TRUE(),"U1",IF($R77=TRUE(),"U1","W")))))))) -> W | U77: =IF($T77="","",$T77&"-"&COUNTIF($T$3:T77,$T77)) -> W-41 | V77: =IF($B77="","",_xlfn.TEXTJOIN(" | ",TRUE(),IF($Q77=TRUE(),"Empty box - no physical device, verify status",""),IF(AND($P77=TRUE(),$L77=FALSE(),$M77=FALSE(),$N77=FALSE(),$O77=FALSE(),$Q77=FALSE()),"Speaker fault only - needs manual box assignment",""),IF(AND($R77=TRUE(),$L77=FALSE(),$M77=FALSE(),$N77=FALSE(),$O77=FALSE(),$P77=FALSE(),$Q77=FALSE()),"No fault detail given - needs technician inspection",""),IF(AND(COUNTIF($F$3:$F$252,$F77)>1,LOWER(TRIM($F77))<>"empty"),"Duplicate Serial No - verify device identity",""),IF((--$L77+--$M77+--$N77+--$O77+--$P77)>1,"Multiple fault types detected - review full details before repair",""))) | W77: 0
A78: 76 | B78: 46244.615 | C78: X628 | D78: =IF($B78="","",IFERROR(VLOOKUP(TRIM($C78),ModelMap,2,FALSE()),TRIM($C78))) -> X628 | E78: Kiribathgoda 01 | F78: 0065653040006 | G78: Working | I78: display is not clear | J78: Black & White | K78: =IF($B78="","",LOWER(TRIM($G78)&" | "&TRIM($H78)&" | "&TRIM($I78))) -> working | | display is not clear | L78: =IF($B78="","",SUMPRODUCT(--ISNUMBER(SEARCH(SensorKW,$K78)))>0) -> FALSE | M78: =IF($B78="","",SUMPRODUCT(--ISNUMBER(SEARCH(DisplayKW,$K78)))>0) -> TRUE | N78: =IF($B78="","",SUMPRODUCT(--ISNUMBER(SEARCH(KeypadKW,$K78)))>0) -> FALSE | O78: =IF($B78="","",SUMPRODUCT(--ISNUMBER(SEARCH(PowerKW,$K78)))>0) -> FALSE | P78: =IF($B78="","",SUMPRODUCT(--ISNUMBER(SEARCH(SpeakerKW,$K78)))>0) -> FALSE | Q78: =IF($B78="","",OR(SUMPRODUCT(--ISNUMBER(SEARCH(EmptyKW,$K78)))>0,LOWER(TRIM($F78))="empty")) -> FALSE | R78: =IF($B78="","",OR(ISNUMBER(SEARCH("repair",$G78)),ISNUMBER(SEARCH("not working",$G78)))) -> FALSE | S78: =IF(AND($B78<>"",$M78=TRUE(),$L78=FALSE(),$Q78=FALSE()),COUNTIFS($M$3:$M78,TRUE(),$L$3:$L78,FALSE(),$Q$3:$Q78,FALSE()),"") -> 12 | T78: =IF($B78="","",IF($Q78=TRUE(),"U1",IF($L78=TRUE(),"S1",IF($M78=TRUE(),"D"&MIN(4,INT(($S78-1)/DisplayCapacity)+1),IF($N78=TRUE(),"K1",IF($O78=TRUE(),"P1",IF($P78=TRUE(),"U1",IF($R78=TRUE(),"U1","W")))))))) -> D2 | U78: =IF($T78="","",$T78&"-"&COUNTIF($T$3:T78,$T78)) -> D2-5 | V78: =IF($B78="","",_xlfn.TEXTJOIN(" | ",TRUE(),IF($Q78=TRUE(),"Empty box - no physical device, verify status",""),IF(AND($P78=TRUE(),$L78=FALSE(),$M78=FALSE(),$N78=FALSE(),$O78=FALSE(),$Q78=FALSE()),"Speaker fault only - needs manual box assignment",""),IF(AND($R78=TRUE(),$L78=FALSE(),$M78=FALSE(),$N78=FALSE(),$O78=FALSE(),$P78=FALSE(),$Q78=FALSE()),"No fault detail given - needs technician inspection",""),IF(AND(COUNTIF($F$3:$F$252,$F78)>1,LOWER(TRIM($F78))<>"empty"),"Duplicate Serial No - verify device identity",""),IF((--$L78+--$M78+--$N78+--$O78+--$P78)>1,"Multiple fault types detected - review full details before repair",""))) | W78: 0
A79: 77 | B79: 46244.617 | C79: X628 | D79: =IF($B79="","",IFERROR(VLOOKUP(TRIM($C79),ModelMap,2,FALSE()),TRIM($C79))) -> X628 | E79: Galle 02 | F79: 6335203300002 | G79: Working, Have to Repair | H79: No Sensor | J79: Colour | K79: =IF($B79="","",LOWER(TRIM($G79)&" | "&TRIM($H79)&" | "&TRIM($I79))) -> working, have to repair | no sensor | | L79: =IF($B79="","",SUMPRODUCT(--ISNUMBER(SEARCH(SensorKW,$K79)))>0) -> TRUE | M79: =IF($B79="","",SUMPRODUCT(--ISNUMBER(SEARCH(DisplayKW,$K79)))>0) -> FALSE | N79: =IF($B79="","",SUMPRODUCT(--ISNUMBER(SEARCH(KeypadKW,$K79)))>0) -> FALSE | O79: =IF($B79="","",SUMPRODUCT(--ISNUMBER(SEARCH(PowerKW,$K79)))>0) -> FALSE | P79: =IF($B79="","",SUMPRODUCT(--ISNUMBER(SEARCH(SpeakerKW,$K79)))>0) -> FALSE | Q79: =IF($B79="","",OR(SUMPRODUCT(--ISNUMBER(SEARCH(EmptyKW,$K79)))>0,LOWER(TRIM($F79))="empty")) -> FALSE | R79: =IF($B79="","",OR(ISNUMBER(SEARCH("repair",$G79)),ISNUMBER(SEARCH("not working",$G79)))) -> TRUE | S79: =IF(AND($B79<>"",$M79=TRUE(),$L79=FALSE(),$Q79=FALSE()),COUNTIFS($M$3:$M79,TRUE(),$L$3:$L79,FALSE(),$Q$3:$Q79,FALSE()),"") | T79: =IF($B79="","",IF($Q79=TRUE(),"U1",IF($L79=TRUE(),"S1",IF($M79=TRUE(),"D"&MIN(4,INT(($S79-1)/DisplayCapacity)+1),IF($N79=TRUE(),"K1",IF($O79=TRUE(),"P1",IF($P79=TRUE(),"U1",IF($R79=TRUE(),"U1","W")))))))) -> S1 | U79: =IF($T79="","",$T79&"-"&COUNTIF($T$3:T79,$T79)) -> S1-17 | V79: =IF($B79="","",_xlfn.TEXTJOIN(" | ",TRUE(),IF($Q79=TRUE(),"Empty box - no physical device, verify status",""),IF(AND($P79=TRUE(),$L79=FALSE(),$M79=FALSE(),$N79=FALSE(),$O79=FALSE(),$Q79=FALSE()),"Speaker fault only - needs manual box assignment",""),IF(AND($R79=TRUE(),$L79=FALSE(),$M79=FALSE(),$N79=FALSE(),$O79=FALSE(),$P79=FALSE(),$Q79=FALSE()),"No fault detail given - needs technician inspection",""),IF(AND(COUNTIF($F$3:$F$252,$F79)>1,LOWER(TRIM($F79))<>"empty"),"Duplicate Serial No - verify device identity",""),IF((--$L79+--$M79+--$N79+--$O79+--$P79)>1,"Multiple fault types detected - review full details before repair",""))) | W79: 0
A80: 78 | B80: 46244.62 | C80: X628 | D80: =IF($B80="","",IFERROR(VLOOKUP(TRIM($C80),ModelMap,2,FALSE()),TRIM($C80))) -> X628 | E80: Athurugiriya 02 | F80: 6006171200006 | G80: Working | J80: Black & White | K80: =IF($B80="","",LOWER(TRIM($G80)&" | "&TRIM($H80)&" | "&TRIM($I80))) -> working | | | L80: =IF($B80="","",SUMPRODUCT(--ISNUMBER(SEARCH(SensorKW,$K80)))>0) -> FALSE | M80: =IF($B80="","",SUMPRODUCT(--ISNUMBER(SEARCH(DisplayKW,$K80)))>0) -> FALSE | N80: =IF($B80="","",SUMPRODUCT(--ISNUMBER(SEARCH(KeypadKW,$K80)))>0) -> FALSE | O80: =IF($B80="","",SUMPRODUCT(--ISNUMBER(SEARCH(PowerKW,$K80)))>0) -> FALSE | P80: =IF($B80="","",SUMPRODUCT(--ISNUMBER(SEARCH(SpeakerKW,$K80)))>0) -> FALSE | Q80: =IF($B80="","",OR(SUMPRODUCT(--ISNUMBER(SEARCH(EmptyKW,$K80)))>0,LOWER(TRIM($F80))="empty")) -> FALSE | R80: =IF($B80="","",OR(ISNUMBER(SEARCH("repair",$G80)),ISNUMBER(SEARCH("not working",$G80)))) -> FALSE | S80: =IF(AND($B80<>"",$M80=TRUE(),$L80=FALSE(),$Q80=FALSE()),COUNTIFS($M$3:$M80,TRUE(),$L$3:$L80,FALSE(),$Q$3:$Q80,FALSE()),"") | T80: =IF($B80="","",IF($Q80=TRUE(),"U1",IF($L80=TRUE(),"S1",IF($M80=TRUE(),"D"&MIN(4,INT(($S80-1)/DisplayCapacity)+1),IF($N80=TRUE(),"K1",IF($O80=TRUE(),"P1",IF($P80=TRUE(),"U1",IF($R80=TRUE(),"U1","W")))))))) -> W | U80: =IF($T80="","",$T80&"-"&COUNTIF($T$3:T80,$T80)) -> W-42 | V80: =IF($B80="","",_xlfn.TEXTJOIN(" | ",TRUE(),IF($Q80=TRUE(),"Empty box - no physical device, verify status",""),IF(AND($P80=TRUE(),$L80=FALSE(),$M80=FALSE(),$N80=FALSE(),$O80=FALSE(),$Q80=FALSE()),"Speaker fault only - needs manual box assignment",""),IF(AND($R80=TRUE(),$L80=FALSE(),$M80=FALSE(),$N80=FALSE(),$O80=FALSE(),$P80=FALSE(),$Q80=FALSE()),"No fault detail given - needs technician inspection",""),IF(AND(COUNTIF($F$3:$F$252,$F80)>1,LOWER(TRIM($F80))<>"empty"),"Duplicate Serial No - verify device identity",""),IF((--$L80+--$M80+--$N80+--$O80+--$P80)>1,"Multiple fault types detected - review full details before repair",""))) | W80: 0
A81: 79 | B81: 46244.622 | C81: X628 | D81: =IF($B81="","",IFERROR(VLOOKUP(TRIM($C81),ModelMap,2,FALSE()),TRIM($C81))) -> X628 | E81: Wattala 02 | F81: 600615280002 | G81: Working | J81: Black & White | K81: =IF($B81="","",LOWER(TRIM($G81)&" | "&TRIM($H81)&" | "&TRIM($I81))) -> working | | | L81: =IF($B81="","",SUMPRODUCT(--ISNUMBER(SEARCH(SensorKW,$K81)))>0) -> FALSE | M81: =IF($B81="","",SUMPRODUCT(--ISNUMBER(SEARCH(DisplayKW,$K81)))>0) -> FALSE | N81: =IF($B81="","",SUMPRODUCT(--ISNUMBER(SEARCH(KeypadKW,$K81)))>0) -> FALSE | O81: =IF($B81="","",SUMPRODUCT(--ISNUMBER(SEARCH(PowerKW,$K81)))>0) -> FALSE | P81: =IF($B81="","",SUMPRODUCT(--ISNUMBER(SEARCH(SpeakerKW,$K81)))>0) -> FALSE | Q81: =IF($B81="","",OR(SUMPRODUCT(--ISNUMBER(SEARCH(EmptyKW,$K81)))>0,LOWER(TRIM($F81))="empty")) -> FALSE | R81: =IF($B81="","",OR(ISNUMBER(SEARCH("repair",$G81)),ISNUMBER(SEARCH("not working",$G81)))) -> FALSE | S81: =IF(AND($B81<>"",$M81=TRUE(),$L81=FALSE(),$Q81=FALSE()),COUNTIFS($M$3:$M81,TRUE(),$L$3:$L81,FALSE(),$Q$3:$Q81,FALSE()),"") | T81: =IF($B81="","",IF($Q81=TRUE(),"U1",IF($L81=TRUE(),"S1",IF($M81=TRUE(),"D"&MIN(4,INT(($S81-1)/DisplayCapacity)+1),IF($N81=TRUE(),"K1",IF($O81=TRUE(),"P1",IF($P81=TRUE(),"U1",IF($R81=TRUE(),"U1","W")))))))) -> W | U81: =IF($T81="","",$T81&"-"&COUNTIF($T$3:T81,$T81)) -> W-43 | V81: =IF($B81="","",_xlfn.TEXTJOIN(" | ",TRUE(),IF($Q81=TRUE(),"Empty box - no physical device, verify status",""),IF(AND($P81=TRUE(),$L81=FALSE(),$M81=FALSE(),$N81=FALSE(),$O81=FALSE(),$Q81=FALSE()),"Speaker fault only - needs manual box assignment",""),IF(AND($R81=TRUE(),$L81=FALSE(),$M81=FALSE(),$N81=FALSE(),$O81=FALSE(),$P81=FALSE(),$Q81=FALSE()),"No fault detail given - needs technician inspection",""),IF(AND(COUNTIF($F$3:$F$252,$F81)>1,LOWER(TRIM($F81))<>"empty"),"Duplicate Serial No - verify device identity",""),IF((--$L81+--$M81+--$N81+--$O81+--$P81)>1,"Multiple fault types detected - review full details before repair",""))) | W81: 0
A82: 80 | B82: 46244.623 | C82: X628 | D82: =IF($B82="","",IFERROR(VLOOKUP(TRIM($C82),ModelMap,2,FALSE()),TRIM($C82))) -> X628 | E82: kesbewa | F82: 0006141100011 | G82: Working | J82: Black & White | K82: =IF($B82="","",LOWER(TRIM($G82)&" | "&TRIM($H82)&" | "&TRIM($I82))) -> working | | | L82: =IF($B82="","",SUMPRODUCT(--ISNUMBER(SEARCH(SensorKW,$K82)))>0) -> FALSE | M82: =IF($B82="","",SUMPRODUCT(--ISNUMBER(SEARCH(DisplayKW,$K82)))>0) -> FALSE | N82: =IF($B82="","",SUMPRODUCT(--ISNUMBER(SEARCH(KeypadKW,$K82)))>0) -> FALSE | O82: =IF($B82="","",SUMPRODUCT(--ISNUMBER(SEARCH(PowerKW,$K82)))>0) -> FALSE | P82: =IF($B82="","",SUMPRODUCT(--ISNUMBER(SEARCH(SpeakerKW,$K82)))>0) -> FALSE | Q82: =IF($B82="","",OR(SUMPRODUCT(--ISNUMBER(SEARCH(EmptyKW,$K82)))>0,LOWER(TRIM($F82))="empty")) -> FALSE | R82: =IF($B82="","",OR(ISNUMBER(SEARCH("repair",$G82)),ISNUMBER(SEARCH("not working",$G82)))) -> FALSE | S82: =IF(AND($B82<>"",$M82=TRUE(),$L82=FALSE(),$Q82=FALSE()),COUNTIFS($M$3:$M82,TRUE(),$L$3:$L82,FALSE(),$Q$3:$Q82,FALSE()),"") | T82: =IF($B82="","",IF($Q82=TRUE(),"U1",IF($L82=TRUE(),"S1",IF($M82=TRUE(),"D"&MIN(4,INT(($S82-1)/DisplayCapacity)+1),IF($N82=TRUE(),"K1",IF($O82=TRUE(),"P1",IF($P82=TRUE(),"U1",IF($R82=TRUE(),"U1","W")))))))) -> W | U82: =IF($T82="","",$T82&"-"&COUNTIF($T$3:T82,$T82)) -> W-44 | V82: =IF($B82="","",_xlfn.TEXTJOIN(" | ",TRUE(),IF($Q82=TRUE(),"Empty box - no physical device, verify status",""),IF(AND($P82=TRUE(),$L82=FALSE(),$M82=FALSE(),$N82=FALSE(),$O82=FALSE(),$Q82=FALSE()),"Speaker fault only - needs manual box assignment",""),IF(AND($R82=TRUE(),$L82=FALSE(),$M82=FALSE(),$N82=FALSE(),$O82=FALSE(),$P82=FALSE(),$Q82=FALSE()),"No fault detail given - needs technician inspection",""),IF(AND(COUNTIF($F$3:$F$252,$F82)>1,LOWER(TRIM($F82))<>"empty"),"Duplicate Serial No - verify device identity",""),IF((--$L82+--$M82+--$N82+--$O82+--$P82)>1,"Multiple fault types detected - review full details before repair",""))) | W82: 0
A83: 81 | B83: 46244.625 | C83: X628 | D83: =IF($B83="","",IFERROR(VLOOKUP(TRIM($C83),ModelMap,2,FALSE()),TRIM($C83))) -> X628 | E83: Enderamulla | F83: 6006165100003 | G83: Working | J83: Black & White | K83: =IF($B83="","",LOWER(TRIM($G83)&" | "&TRIM($H83)&" | "&TRIM($I83))) -> working | | | L83: =IF($B83="","",SUMPRODUCT(--ISNUMBER(SEARCH(SensorKW,$K83)))>0) -> FALSE | M83: =IF($B83="","",SUMPRODUCT(--ISNUMBER(SEARCH(DisplayKW,$K83)))>0) -> FALSE | N83: =IF($B83="","",SUMPRODUCT(--ISNUMBER(SEARCH(KeypadKW,$K83)))>0) -> FALSE | O83: =IF($B83="","",SUMPRODUCT(--ISNUMBER(SEARCH(PowerKW,$K83)))>0) -> FALSE | P83: =IF($B83="","",SUMPRODUCT(--ISNUMBER(SEARCH(SpeakerKW,$K83)))>0) -> FALSE | Q83: =IF($B83="","",OR(SUMPRODUCT(--ISNUMBER(SEARCH(EmptyKW,$K83)))>0,LOWER(TRIM($F83))="empty")) -> FALSE | R83: =IF($B83="","",OR(ISNUMBER(SEARCH("repair",$G83)),ISNUMBER(SEARCH("not working",$G83)))) -> FALSE | S83: =IF(AND($B83<>"",$M83=TRUE(),$L83=FALSE(),$Q83=FALSE()),COUNTIFS($M$3:$M83,TRUE(),$L$3:$L83,FALSE(),$Q$3:$Q83,FALSE()),"") | T83: =IF($B83="","",IF($Q83=TRUE(),"U1",IF($L83=TRUE(),"S1",IF($M83=TRUE(),"D"&MIN(4,INT(($S83-1)/DisplayCapacity)+1),IF($N83=TRUE(),"K1",IF($O83=TRUE(),"P1",IF($P83=TRUE(),"U1",IF($R83=TRUE(),"U1","W")))))))) -> W | U83: =IF($T83="","",$T83&"-"&COUNTIF($T$3:T83,$T83)) -> W-45 | V83: =IF($B83="","",_xlfn.TEXTJOIN(" | ",TRUE(),IF($Q83=TRUE(),"Empty box - no physical device, verify status",""),IF(AND($P83=TRUE(),$L83=FALSE(),$M83=FALSE(),$N83=FALSE(),$O83=FALSE(),$Q83=FALSE()),"Speaker fault only - needs manual box assignment",""),IF(AND($R83=TRUE(),$L83=FALSE(),$M83=FALSE(),$N83=FALSE(),$O83=FALSE(),$P83=FALSE(),$Q83=FALSE()),"No fault detail given - needs technician inspection",""),IF(AND(COUNTIF($F$3:$F$252,$F83)>1,LOWER(TRIM($F83))<>"empty"),"Duplicate Serial No - verify device identity",""),IF((--$L83+--$M83+--$N83+--$O83+--$P83)>1,"Multiple fault types detected - review full details before repair",""))) | W83: 0
A84: 82 | B84: 46244.628 | C84: X628 | D84: =IF($B84="","",IFERROR(VLOOKUP(TRIM($C84),ModelMap,2,FALSE()),TRIM($C84))) -> X628 | E84: Gamsaba | F84: 0065653040016 | G84: Working | I84: display is unclear | J84: Black & White | K84: =IF($B84="","",LOWER(TRIM($G84)&" | "&TRIM($H84)&" | "&TRIM($I84))) -> working | | display is unclear | L84: =IF($B84="","",SUMPRODUCT(--ISNUMBER(SEARCH(SensorKW,$K84)))>0) -> FALSE | M84: =IF($B84="","",SUMPRODUCT(--ISNUMBER(SEARCH(DisplayKW,$K84)))>0) -> TRUE | N84: =IF($B84="","",SUMPRODUCT(--ISNUMBER(SEARCH(KeypadKW,$K84)))>0) -> FALSE | O84: =IF($B84="","",SUMPRODUCT(--ISNUMBER(SEARCH(PowerKW,$K84)))>0) -> FALSE | P84: =IF($B84="","",SUMPRODUCT(--ISNUMBER(SEARCH(SpeakerKW,$K84)))>0) -> FALSE | Q84: =IF($B84="","",OR(SUMPRODUCT(--ISNUMBER(SEARCH(EmptyKW,$K84)))>0,LOWER(TRIM($F84))="empty")) -> FALSE | R84: =IF($B84="","",OR(ISNUMBER(SEARCH("repair",$G84)),ISNUMBER(SEARCH("not working",$G84)))) -> FALSE | S84: =IF(AND($B84<>"",$M84=TRUE(),$L84=FALSE(),$Q84=FALSE()),COUNTIFS($M$3:$M84,TRUE(),$L$3:$L84,FALSE(),$Q$3:$Q84,FALSE()),"") -> 13 | T84: =IF($B84="","",IF($Q84=TRUE(),"U1",IF($L84=TRUE(),"S1",IF($M84=TRUE(),"D"&MIN(4,INT(($S84-1)/DisplayCapacity)+1),IF($N84=TRUE(),"K1",IF($O84=TRUE(),"P1",IF($P84=TRUE(),"U1",IF($R84=TRUE(),"U1","W")))))))) -> D2 | U84: =IF($T84="","",$T84&"-"&COUNTIF($T$3:T84,$T84)) -> D2-6 | V84: =IF($B84="","",_xlfn.TEXTJOIN(" | ",TRUE(),IF($Q84=TRUE(),"Empty box - no physical device, verify status",""),IF(AND($P84=TRUE(),$L84=FALSE(),$M84=FALSE(),$N84=FALSE(),$O84=FALSE(),$Q84=FALSE()),"Speaker fault only - needs manual box assignment",""),IF(AND($R84=TRUE(),$L84=FALSE(),$M84=FALSE(),$N84=FALSE(),$O84=FALSE(),$P84=FALSE(),$Q84=FALSE()),"No fault detail given - needs technician inspection",""),IF(AND(COUNTIF($F$3:$F$252,$F84)>1,LOWER(TRIM($F84))<>"empty"),"Duplicate Serial No - verify device identity",""),IF((--$L84+--$M84+--$N84+--$O84+--$P84)>1,"Multiple fault types detected - review full details before repair",""))) | W84: 0
A85: 83 | B85: 46244.629 | C85: X628 | D85: =IF($B85="","",IFERROR(VLOOKUP(TRIM($C85),ModelMap,2,FALSE()),TRIM($C85))) -> X628 | E85: Moratu Mall | F85: 6006173400007 | G85: Working | J85: Black & White | K85: =IF($B85="","",LOWER(TRIM($G85)&" | "&TRIM($H85)&" | "&TRIM($I85))) -> working | | | L85: =IF($B85="","",SUMPRODUCT(--ISNUMBER(SEARCH(SensorKW,$K85)))>0) -> FALSE | M85: =IF($B85="","",SUMPRODUCT(--ISNUMBER(SEARCH(DisplayKW,$K85)))>0) -> FALSE | N85: =IF($B85="","",SUMPRODUCT(--ISNUMBER(SEARCH(KeypadKW,$K85)))>0) -> FALSE | O85: =IF($B85="","",SUMPRODUCT(--ISNUMBER(SEARCH(PowerKW,$K85)))>0) -> FALSE | P85: =IF($B85="","",SUMPRODUCT(--ISNUMBER(SEARCH(SpeakerKW,$K85)))>0) -> FALSE | Q85: =IF($B85="","",OR(SUMPRODUCT(--ISNUMBER(SEARCH(EmptyKW,$K85)))>0,LOWER(TRIM($F85))="empty")) -> FALSE | R85: =IF($B85="","",OR(ISNUMBER(SEARCH("repair",$G85)),ISNUMBER(SEARCH("not working",$G85)))) -> FALSE | S85: =IF(AND($B85<>"",$M85=TRUE(),$L85=FALSE(),$Q85=FALSE()),COUNTIFS($M$3:$M85,TRUE(),$L$3:$L85,FALSE(),$Q$3:$Q85,FALSE()),"") | T85: =IF($B85="","",IF($Q85=TRUE(),"U1",IF($L85=TRUE(),"S1",IF($M85=TRUE(),"D"&MIN(4,INT(($S85-1)/DisplayCapacity)+1),IF($N85=TRUE(),"K1",IF($O85=TRUE(),"P1",IF($P85=TRUE(),"U1",IF($R85=TRUE(),"U1","W")))))))) -> W | U85: =IF($T85="","",$T85&"-"&COUNTIF($T$3:T85,$T85)) -> W-46 | V85: =IF($B85="","",_xlfn.TEXTJOIN(" | ",TRUE(),IF($Q85=TRUE(),"Empty box - no physical device, verify status",""),IF(AND($P85=TRUE(),$L85=FALSE(),$M85=FALSE(),$N85=FALSE(),$O85=FALSE(),$Q85=FALSE()),"Speaker fault only - needs manual box assignment",""),IF(AND($R85=TRUE(),$L85=FALSE(),$M85=FALSE(),$N85=FALSE(),$O85=FALSE(),$P85=FALSE(),$Q85=FALSE()),"No fault detail given - needs technician inspection",""),IF(AND(COUNTIF($F$3:$F$252,$F85)>1,LOWER(TRIM($F85))<>"empty"),"Duplicate Serial No - verify device identity",""),IF((--$L85+--$M85+--$N85+--$O85+--$P85)>1,"Multiple fault types detected - review full details before repair",""))) | W85: 0
A86: 84 | B86: 46244.631 | C86: X628 | D86: =IF($B86="","",IFERROR(VLOOKUP(TRIM($C86),ModelMap,2,FALSE()),TRIM($C86))) -> X628 | E86: Thalawathugoda 02 | F86: OLK609001608170 | G86: Working | J86: Black & White | K86: =IF($B86="","",LOWER(TRIM($G86)&" | "&TRIM($H86)&" | "&TRIM($I86))) -> working | | | L86: =IF($B86="","",SUMPRODUCT(--ISNUMBER(SEARCH(SensorKW,$K86)))>0) -> FALSE | M86: =IF($B86="","",SUMPRODUCT(--ISNUMBER(SEARCH(DisplayKW,$K86)))>0) -> FALSE | N86: =IF($B86="","",SUMPRODUCT(--ISNUMBER(SEARCH(KeypadKW,$K86)))>0) -> FALSE | O86: =IF($B86="","",SUMPRODUCT(--ISNUMBER(SEARCH(PowerKW,$K86)))>0) -> FALSE | P86: =IF($B86="","",SUMPRODUCT(--ISNUMBER(SEARCH(SpeakerKW,$K86)))>0) -> FALSE | Q86: =IF($B86="","",OR(SUMPRODUCT(--ISNUMBER(SEARCH(EmptyKW,$K86)))>0,LOWER(TRIM($F86))="empty")) -> FALSE | R86: =IF($B86="","",OR(ISNUMBER(SEARCH("repair",$G86)),ISNUMBER(SEARCH("not working",$G86)))) -> FALSE | S86: =IF(AND($B86<>"",$M86=TRUE(),$L86=FALSE(),$Q86=FALSE()),COUNTIFS($M$3:$M86,TRUE(),$L$3:$L86,FALSE(),$Q$3:$Q86,FALSE()),"") | T86: =IF($B86="","",IF($Q86=TRUE(),"U1",IF($L86=TRUE(),"S1",IF($M86=TRUE(),"D"&MIN(4,INT(($S86-1)/DisplayCapacity)+1),IF($N86=TRUE(),"K1",IF($O86=TRUE(),"P1",IF($P86=TRUE(),"U1",IF($R86=TRUE(),"U1","W")))))))) -> W | U86: =IF($T86="","",$T86&"-"&COUNTIF($T$3:T86,$T86)) -> W-47 | V86: =IF($B86="","",_xlfn.TEXTJOIN(" | ",TRUE(),IF($Q86=TRUE(),"Empty box - no physical device, verify status",""),IF(AND($P86=TRUE(),$L86=FALSE(),$M86=FALSE(),$N86=FALSE(),$O86=FALSE(),$Q86=FALSE()),"Speaker fault only - needs manual box assignment",""),IF(AND($R86=TRUE(),$L86=FALSE(),$M86=FALSE(),$N86=FALSE(),$O86=FALSE(),$P86=FALSE(),$Q86=FALSE()),"No fault detail given - needs technician inspection",""),IF(AND(COUNTIF($F$3:$F$252,$F86)>1,LOWER(TRIM($F86))<>"empty"),"Duplicate Serial No - verify device identity",""),IF((--$L86+--$M86+--$N86+--$O86+--$P86)>1,"Multiple fault types detected - review full details before repair",""))) -> Duplicate Serial No - verify device identity | W86: 0
A87: 85 | B87: 46244.632 | C87: X628 | D87: =IF($B87="","",IFERROR(VLOOKUP(TRIM($C87),ModelMap,2,FALSE()),TRIM($C87))) -> X628 | E87: Boralesgamuwa | F87: 6006165100002 | G87: Working | J87: Black & White | K87: =IF($B87="","",LOWER(TRIM($G87)&" | "&TRIM($H87)&" | "&TRIM($I87))) -> working | | | L87: =IF($B87="","",SUMPRODUCT(--ISNUMBER(SEARCH(SensorKW,$K87)))>0) -> FALSE | M87: =IF($B87="","",SUMPRODUCT(--ISNUMBER(SEARCH(DisplayKW,$K87)))>0) -> FALSE | N87: =IF($B87="","",SUMPRODUCT(--ISNUMBER(SEARCH(KeypadKW,$K87)))>0) -> FALSE | O87: =IF($B87="","",SUMPRODUCT(--ISNUMBER(SEARCH(PowerKW,$K87)))>0) -> FALSE | P87: =IF($B87="","",SUMPRODUCT(--ISNUMBER(SEARCH(SpeakerKW,$K87)))>0) -> FALSE | Q87: =IF($B87="","",OR(SUMPRODUCT(--ISNUMBER(SEARCH(EmptyKW,$K87)))>0,LOWER(TRIM($F87))="empty")) -> FALSE | R87: =IF($B87="","",OR(ISNUMBER(SEARCH("repair",$G87)),ISNUMBER(SEARCH("not working",$G87)))) -> FALSE | S87: =IF(AND($B87<>"",$M87=TRUE(),$L87=FALSE(),$Q87=FALSE()),COUNTIFS($M$3:$M87,TRUE(),$L$3:$L87,FALSE(),$Q$3:$Q87,FALSE()),"") | T87: =IF($B87="","",IF($Q87=TRUE(),"U1",IF($L87=TRUE(),"S1",IF($M87=TRUE(),"D"&MIN(4,INT(($S87-1)/DisplayCapacity)+1),IF($N87=TRUE(),"K1",IF($O87=TRUE(),"P1",IF($P87=TRUE(),"U1",IF($R87=TRUE(),"U1","W")))))))) -> W | U87: =IF($T87="","",$T87&"-"&COUNTIF($T$3:T87,$T87)) -> W-48 | V87: =IF($B87="","",_xlfn.TEXTJOIN(" | ",TRUE(),IF($Q87=TRUE(),"Empty box - no physical device, verify status",""),IF(AND($P87=TRUE(),$L87=FALSE(),$M87=FALSE(),$N87=FALSE(),$O87=FALSE(),$Q87=FALSE()),"Speaker fault only - needs manual box assignment",""),IF(AND($R87=TRUE(),$L87=FALSE(),$M87=FALSE(),$N87=FALSE(),$O87=FALSE(),$P87=FALSE(),$Q87=FALSE()),"No fault detail given - needs technician inspection",""),IF(AND(COUNTIF($F$3:$F$252,$F87)>1,LOWER(TRIM($F87))<>"empty"),"Duplicate Serial No - verify device identity",""),IF((--$L87+--$M87+--$N87+--$O87+--$P87)>1,"Multiple fault types detected - review full details before repair",""))) -> Duplicate Serial No - verify device identity | W87: 0
A88: 86 | B88: 46244.634 | C88: X628 | D88: =IF($B88="","",IFERROR(VLOOKUP(TRIM($C88),ModelMap,2,FALSE()),TRIM($C88))) -> X628 | E88: Boralesgamuwa 02 | F88: 6006152800001 | G88: Working | I88: Display is not clear | J88: Black & White | K88: =IF($B88="","",LOWER(TRIM($G88)&" | "&TRIM($H88)&" | "&TRIM($I88))) -> working | | display is not clear | L88: =IF($B88="","",SUMPRODUCT(--ISNUMBER(SEARCH(SensorKW,$K88)))>0) -> FALSE | M88: =IF($B88="","",SUMPRODUCT(--ISNUMBER(SEARCH(DisplayKW,$K88)))>0) -> TRUE | N88: =IF($B88="","",SUMPRODUCT(--ISNUMBER(SEARCH(KeypadKW,$K88)))>0) -> FALSE | O88: =IF($B88="","",SUMPRODUCT(--ISNUMBER(SEARCH(PowerKW,$K88)))>0) -> FALSE | P88: =IF($B88="","",SUMPRODUCT(--ISNUMBER(SEARCH(SpeakerKW,$K88)))>0) -> FALSE | Q88: =IF($B88="","",OR(SUMPRODUCT(--ISNUMBER(SEARCH(EmptyKW,$K88)))>0,LOWER(TRIM($F88))="empty")) -> FALSE | R88: =IF($B88="","",OR(ISNUMBER(SEARCH("repair",$G88)),ISNUMBER(SEARCH("not working",$G88)))) -> FALSE | S88: =IF(AND($B88<>"",$M88=TRUE(),$L88=FALSE(),$Q88=FALSE()),COUNTIFS($M$3:$M88,TRUE(),$L$3:$L88,FALSE(),$Q$3:$Q88,FALSE()),"") -> 14 | T88: =IF($B88="","",IF($Q88=TRUE(),"U1",IF($L88=TRUE(),"S1",IF($M88=TRUE(),"D"&MIN(4,INT(($S88-1)/DisplayCapacity)+1),IF($N88=TRUE(),"K1",IF($O88=TRUE(),"P1",IF($P88=TRUE(),"U1",IF($R88=TRUE(),"U1","W")))))))) -> D2 | U88: =IF($T88="","",$T88&"-"&COUNTIF($T$3:T88,$T88)) -> D2-7 | V88: =IF($B88="","",_xlfn.TEXTJOIN(" | ",TRUE(),IF($Q88=TRUE(),"Empty box - no physical device, verify status",""),IF(AND($P88=TRUE(),$L88=FALSE(),$M88=FALSE(),$N88=FALSE(),$O88=FALSE(),$Q88=FALSE()),"Speaker fault only - needs manual box assignment",""),IF(AND($R88=TRUE(),$L88=FALSE(),$M88=FALSE(),$N88=FALSE(),$O88=FALSE(),$P88=FALSE(),$Q88=FALSE()),"No fault detail given - needs technician inspection",""),IF(AND(COUNTIF($F$3:$F$252,$F88)>1,LOWER(TRIM($F88))<>"empty"),"Duplicate Serial No - verify device identity",""),IF((--$L88+--$M88+--$N88+--$O88+--$P88)>1,"Multiple fault types detected - review full details before repair",""))) | W88: 0
A89: 87 | B89: 46244.634 | C89: X628 | D89: =IF($B89="","",IFERROR(VLOOKUP(TRIM($C89),ModelMap,2,FALSE()),TRIM($C89))) -> X628 | E89: Mahabage 02 | F89: OLK6090016081700003 | G89: Working | J89: Black & White | K89: =IF($B89="","",LOWER(TRIM($G89)&" | "&TRIM($H89)&" | "&TRIM($I89))) -> working | | | L89: =IF($B89="","",SUMPRODUCT(--ISNUMBER(SEARCH(SensorKW,$K89)))>0) -> FALSE | M89: =IF($B89="","",SUMPRODUCT(--ISNUMBER(SEARCH(DisplayKW,$K89)))>0) -> FALSE | N89: =IF($B89="","",SUMPRODUCT(--ISNUMBER(SEARCH(KeypadKW,$K89)))>0) -> FALSE | O89: =IF($B89="","",SUMPRODUCT(--ISNUMBER(SEARCH(PowerKW,$K89)))>0) -> FALSE | P89: =IF($B89="","",SUMPRODUCT(--ISNUMBER(SEARCH(SpeakerKW,$K89)))>0) -> FALSE | Q89: =IF($B89="","",OR(SUMPRODUCT(--ISNUMBER(SEARCH(EmptyKW,$K89)))>0,LOWER(TRIM($F89))="empty")) -> FALSE | R89: =IF($B89="","",OR(ISNUMBER(SEARCH("repair",$G89)),ISNUMBER(SEARCH("not working",$G89)))) -> FALSE | S89: =IF(AND($B89<>"",$M89=TRUE(),$L89=FALSE(),$Q89=FALSE()),COUNTIFS($M$3:$M89,TRUE(),$L$3:$L89,FALSE(),$Q$3:$Q89,FALSE()),"") | T89: =IF($B89="","",IF($Q89=TRUE(),"U1",IF($L89=TRUE(),"S1",IF($M89=TRUE(),"D"&MIN(4,INT(($S89-1)/DisplayCapacity)+1),IF($N89=TRUE(),"K1",IF($O89=TRUE(),"P1",IF($P89=TRUE(),"U1",IF($R89=TRUE(),"U1","W")))))))) -> W | U89: =IF($T89="","",$T89&"-"&COUNTIF($T$3:T89,$T89)) -> W-49 | V89: =IF($B89="","",_xlfn.TEXTJOIN(" | ",TRUE(),IF($Q89=TRUE(),"Empty box - no physical device, verify status",""),IF(AND($P89=TRUE(),$L89=FALSE(),$M89=FALSE(),$N89=FALSE(),$O89=FALSE(),$Q89=FALSE()),"Speaker fault only - needs manual box assignment",""),IF(AND($R89=TRUE(),$L89=FALSE(),$M89=FALSE(),$N89=FALSE(),$O89=FALSE(),$P89=FALSE(),$Q89=FALSE()),"No fault detail given - needs technician inspection",""),IF(AND(COUNTIF($F$3:$F$252,$F89)>1,LOWER(TRIM($F89))<>"empty"),"Duplicate Serial No - verify device identity",""),IF((--$L89+--$M89+--$N89+--$O89+--$P89)>1,"Multiple fault types detected - review full details before repair",""))) | W89: 0
A90: 88 | B90: 46244.639 | C90: X628 | D90: =IF($B90="","",IFERROR(VLOOKUP(TRIM($C90),ModelMap,2,FALSE()),TRIM($C90))) -> X628 | E90: Nawala | F90: 6006152300002 | G90: Working | I90: display is little bit un clear | J90: Black & White | K90: =IF($B90="","",LOWER(TRIM($G90)&" | "&TRIM($H90)&" | "&TRIM($I90))) -> working | | display is little bit un clear | L90: =IF($B90="","",SUMPRODUCT(--ISNUMBER(SEARCH(SensorKW,$K90)))>0) -> FALSE | M90: =IF($B90="","",SUMPRODUCT(--ISNUMBER(SEARCH(DisplayKW,$K90)))>0) -> TRUE | N90: =IF($B90="","",SUMPRODUCT(--ISNUMBER(SEARCH(KeypadKW,$K90)))>0) -> FALSE | O90: =IF($B90="","",SUMPRODUCT(--ISNUMBER(SEARCH(PowerKW,$K90)))>0) -> FALSE | P90: =IF($B90="","",SUMPRODUCT(--ISNUMBER(SEARCH(SpeakerKW,$K90)))>0) -> FALSE | Q90: =IF($B90="","",OR(SUMPRODUCT(--ISNUMBER(SEARCH(EmptyKW,$K90)))>0,LOWER(TRIM($F90))="empty")) -> FALSE | R90: =IF($B90="","",OR(ISNUMBER(SEARCH("repair",$G90)),ISNUMBER(SEARCH("not working",$G90)))) -> FALSE | S90: =IF(AND($B90<>"",$M90=TRUE(),$L90=FALSE(),$Q90=FALSE()),COUNTIFS($M$3:$M90,TRUE(),$L$3:$L90,FALSE(),$Q$3:$Q90,FALSE()),"") -> 15 | T90: =IF($B90="","",IF($Q90=TRUE(),"U1",IF($L90=TRUE(),"S1",IF($M90=TRUE(),"D"&MIN(4,INT(($S90-1)/DisplayCapacity)+1),IF($N90=TRUE(),"K1",IF($O90=TRUE(),"P1",IF($P90=TRUE(),"U1",IF($R90=TRUE(),"U1","W")))))))) -> D3 | U90: =IF($T90="","",$T90&"-"&COUNTIF($T$3:T90,$T90)) -> D3-1 | V90: =IF($B90="","",_xlfn.TEXTJOIN(" | ",TRUE(),IF($Q90=TRUE(),"Empty box - no physical device, verify status",""),IF(AND($P90=TRUE(),$L90=FALSE(),$M90=FALSE(),$N90=FALSE(),$O90=FALSE(),$Q90=FALSE()),"Speaker fault only - needs manual box assignment",""),IF(AND($R90=TRUE(),$L90=FALSE(),$M90=FALSE(),$N90=FALSE(),$O90=FALSE(),$P90=FALSE(),$Q90=FALSE()),"No fault detail given - needs technician inspection",""),IF(AND(COUNTIF($F$3:$F$252,$F90)>1,LOWER(TRIM($F90))<>"empty"),"Duplicate Serial No - verify device identity",""),IF((--$L90+--$M90+--$N90+--$O90+--$P90)>1,"Multiple fault types detected - review full details before repair",""))) | W90: 0
A91: 89 | B91: 46244.64 | C91: X628 | D91: =IF($B91="","",IFERROR(VLOOKUP(TRIM($C91),ModelMap,2,FALSE()),TRIM($C91))) -> X628 | E91: Akuregoda | F91: CDQ9192160003 | G91: Working, Have to Repair | H91: No sensor and also have power issue some time device is off automatically | J91: Colour | K91: =IF($B91="","",LOWER(TRIM($G91)&" | "&TRIM($H91)&" | "&TRIM($I91))) -> working, have to repair | no sensor and also have power issue some time device is off automatically | | L91: =IF($B91="","",SUMPRODUCT(--ISNUMBER(SEARCH(SensorKW,$K91)))>0) -> TRUE | M91: =IF($B91="","",SUMPRODUCT(--ISNUMBER(SEARCH(DisplayKW,$K91)))>0) -> FALSE | N91: =IF($B91="","",SUMPRODUCT(--ISNUMBER(SEARCH(KeypadKW,$K91)))>0) -> FALSE | O91: =IF($B91="","",SUMPRODUCT(--ISNUMBER(SEARCH(PowerKW,$K91)))>0) -> TRUE | P91: =IF($B91="","",SUMPRODUCT(--ISNUMBER(SEARCH(SpeakerKW,$K91)))>0) -> FALSE | Q91: =IF($B91="","",OR(SUMPRODUCT(--ISNUMBER(SEARCH(EmptyKW,$K91)))>0,LOWER(TRIM($F91))="empty")) -> FALSE | R91: =IF($B91="","",OR(ISNUMBER(SEARCH("repair",$G91)),ISNUMBER(SEARCH("not working",$G91)))) -> TRUE | S91: =IF(AND($B91<>"",$M91=TRUE(),$L91=FALSE(),$Q91=FALSE()),COUNTIFS($M$3:$M91,TRUE(),$L$3:$L91,FALSE(),$Q$3:$Q91,FALSE()),"") | T91: =IF($B91="","",IF($Q91=TRUE(),"U1",IF($L91=TRUE(),"S1",IF($M91=TRUE(),"D"&MIN(4,INT(($S91-1)/DisplayCapacity)+1),IF($N91=TRUE(),"K1",IF($O91=TRUE(),"P1",IF($P91=TRUE(),"U1",IF($R91=TRUE(),"U1","W")))))))) -> S1 | U91: =IF($T91="","",$T91&"-"&COUNTIF($T$3:T91,$T91)) -> S1-18 | V91: =IF($B91="","",_xlfn.TEXTJOIN(" | ",TRUE(),IF($Q91=TRUE(),"Empty box - no physical device, verify status",""),IF(AND($P91=TRUE(),$L91=FALSE(),$M91=FALSE(),$N91=FALSE(),$O91=FALSE(),$Q91=FALSE()),"Speaker fault only - needs manual box assignment",""),IF(AND($R91=TRUE(),$L91=FALSE(),$M91=FALSE(),$N91=FALSE(),$O91=FALSE(),$P91=FALSE(),$Q91=FALSE()),"No fault detail given - needs technician inspection",""),IF(AND(COUNTIF($F$3:$F$252,$F91)>1,LOWER(TRIM($F91))<>"empty"),"Duplicate Serial No - verify device identity",""),IF((--$L91+--$M91+--$N91+--$O91+--$P91)>1,"Multiple fault types detected - review full details before repair",""))) -> Multiple fault types detected - review full details before repair | W91: 0
A92: 90 | B92: 46244.648 | C92: X628 | D92: =IF($B92="","",IFERROR(VLOOKUP(TRIM($C92),ModelMap,2,FALSE()),TRIM($C92))) -> X628 | E92: Pittugala | F92: 0063022520002 | G92: Working | I92: Display is not clear | J92: Black & White | K92: =IF($B92="","",LOWER(TRIM($G92)&" | "&TRIM($H92)&" | "&TRIM($I92))) -> working | | display is not clear | L92: =IF($B92="","",SUMPRODUCT(--ISNUMBER(SEARCH(SensorKW,$K92)))>0) -> FALSE | M92: =IF($B92="","",SUMPRODUCT(--ISNUMBER(SEARCH(DisplayKW,$K92)))>0) -> TRUE | N92: =IF($B92="","",SUMPRODUCT(--ISNUMBER(SEARCH(KeypadKW,$K92)))>0) -> FALSE | O92: =IF($B92="","",SUMPRODUCT(--ISNUMBER(SEARCH(PowerKW,$K92)))>0) -> FALSE | P92: =IF($B92="","",SUMPRODUCT(--ISNUMBER(SEARCH(SpeakerKW,$K92)))>0) -> FALSE | Q92: =IF($B92="","",OR(SUMPRODUCT(--ISNUMBER(SEARCH(EmptyKW,$K92)))>0,LOWER(TRIM($F92))="empty")) -> FALSE | R92: =IF($B92="","",OR(ISNUMBER(SEARCH("repair",$G92)),ISNUMBER(SEARCH("not working",$G92)))) -> FALSE | S92: =IF(AND($B92<>"",$M92=TRUE(),$L92=FALSE(),$Q92=FALSE()),COUNTIFS($M$3:$M92,TRUE(),$L$3:$L92,FALSE(),$Q$3:$Q92,FALSE()),"") -> 16 | T92: =IF($B92="","",IF($Q92=TRUE(),"U1",IF($L92=TRUE(),"S1",IF($M92=TRUE(),"D"&MIN(4,INT(($S92-1)/DisplayCapacity)+1),IF($N92=TRUE(),"K1",IF($O92=TRUE(),"P1",IF($P92=TRUE(),"U1",IF($R92=TRUE(),"U1","W")))))))) -> D3 | U92: =IF($T92="","",$T92&"-"&COUNTIF($T$3:T92,$T92)) -> D3-2 | V92: =IF($B92="","",_xlfn.TEXTJOIN(" | ",TRUE(),IF($Q92=TRUE(),"Empty box - no physical device, verify status",""),IF(AND($P92=TRUE(),$L92=FALSE(),$M92=FALSE(),$N92=FALSE(),$O92=FALSE(),$Q92=FALSE()),"Speaker fault only - needs manual box assignment",""),IF(AND($R92=TRUE(),$L92=FALSE(),$M92=FALSE(),$N92=FALSE(),$O92=FALSE(),$P92=FALSE(),$Q92=FALSE()),"No fault detail given - needs technician inspection",""),IF(AND(COUNTIF($F$3:$F$252,$F92)>1,LOWER(TRIM($F92))<>"empty"),"Duplicate Serial No - verify device identity",""),IF((--$L92+--$M92+--$N92+--$O92+--$P92)>1,"Multiple fault types detected - review full details before repair",""))) | W92: 0
A93: 91 | B93: 46244.653 | C93: X628 | D93: =IF($B93="","",IFERROR(VLOOKUP(TRIM($C93),ModelMap,2,FALSE()),TRIM($C93))) -> X628 | E93: Pitakotte 02 | F93: Empty | G93: Working | H93: Emty Box | I93: It was taken to Piliyandala for a temporary installation. | J93: Colour | K93: =IF($B93="","",LOWER(TRIM($G93)&" | "&TRIM($H93)&" | "&TRIM($I93))) -> working | emty box | it was taken to piliyandala for a temporary installation. | L93: =IF($B93="","",SUMPRODUCT(--ISNUMBER(SEARCH(SensorKW,$K93)))>0) -> FALSE | M93: =IF($B93="","",SUMPRODUCT(--ISNUMBER(SEARCH(DisplayKW,$K93)))>0) -> FALSE | N93: =IF($B93="","",SUMPRODUCT(--ISNUMBER(SEARCH(KeypadKW,$K93)))>0) -> FALSE | O93: =IF($B93="","",SUMPRODUCT(--ISNUMBER(SEARCH(PowerKW,$K93)))>0) -> FALSE | P93: =IF($B93="","",SUMPRODUCT(--ISNUMBER(SEARCH(SpeakerKW,$K93)))>0) -> FALSE | Q93: =IF($B93="","",OR(SUMPRODUCT(--ISNUMBER(SEARCH(EmptyKW,$K93)))>0,LOWER(TRIM($F93))="empty")) -> TRUE | R93: =IF($B93="","",OR(ISNUMBER(SEARCH("repair",$G93)),ISNUMBER(SEARCH("not working",$G93)))) -> FALSE | S93: =IF(AND($B93<>"",$M93=TRUE(),$L93=FALSE(),$Q93=FALSE()),COUNTIFS($M$3:$M93,TRUE(),$L$3:$L93,FALSE(),$Q$3:$Q93,FALSE()),"") | T93: =IF($B93="","",IF($Q93=TRUE(),"U1",IF($L93=TRUE(),"S1",IF($M93=TRUE(),"D"&MIN(4,INT(($S93-1)/DisplayCapacity)+1),IF($N93=TRUE(),"K1",IF($O93=TRUE(),"P1",IF($P93=TRUE(),"U1",IF($R93=TRUE(),"U1","W")))))))) -> U1 | U93: =IF($T93="","",$T93&"-"&COUNTIF($T$3:T93,$T93)) -> U1-3 | V93: =IF($B93="","",_xlfn.TEXTJOIN(" | ",TRUE(),IF($Q93=TRUE(),"Empty box - no physical device, verify status",""),IF(AND($P93=TRUE(),$L93=FALSE(),$M93=FALSE(),$N93=FALSE(),$O93=FALSE(),$Q93=FALSE()),"Speaker fault only - needs manual box assignment",""),IF(AND($R93=TRUE(),$L93=FALSE(),$M93=FALSE(),$N93=FALSE(),$O93=FALSE(),$P93=FALSE(),$Q93=FALSE()),"No fault detail given - needs technician inspection",""),IF(AND(COUNTIF($F$3:$F$252,$F93)>1,LOWER(TRIM($F93))<>"empty"),"Duplicate Serial No - verify device identity",""),IF((--$L93+--$M93+--$N93+--$O93+--$P93)>1,"Multiple fault types detected - review full details before repair",""))) -> Empty box - no physical device, verify status | W93: 0
A94: 92 | B94: 46244.654 | C94: X628 | D94: =IF($B94="","",IFERROR(VLOOKUP(TRIM($C94),ModelMap,2,FALSE()),TRIM($C94))) -> X628 | E94: Ethul kotte | F94: 0065653040013 | G94: Working | J94: Black & White | K94: =IF($B94="","",LOWER(TRIM($G94)&" | "&TRIM($H94)&" | "&TRIM($I94))) -> working | | | L94: =IF($B94="","",SUMPRODUCT(--ISNUMBER(SEARCH(SensorKW,$K94)))>0) -> FALSE | M94: =IF($B94="","",SUMPRODUCT(--ISNUMBER(SEARCH(DisplayKW,$K94)))>0) -> FALSE | N94: =IF($B94="","",SUMPRODUCT(--ISNUMBER(SEARCH(KeypadKW,$K94)))>0) -> FALSE | O94: =IF($B94="","",SUMPRODUCT(--ISNUMBER(SEARCH(PowerKW,$K94)))>0) -> FALSE | P94: =IF($B94="","",SUMPRODUCT(--ISNUMBER(SEARCH(SpeakerKW,$K94)))>0) -> FALSE | Q94: =IF($B94="","",OR(SUMPRODUCT(--ISNUMBER(SEARCH(EmptyKW,$K94)))>0,LOWER(TRIM($F94))="empty")) -> FALSE | R94: =IF($B94="","",OR(ISNUMBER(SEARCH("repair",$G94)),ISNUMBER(SEARCH("not working",$G94)))) -> FALSE | S94: =IF(AND($B94<>"",$M94=TRUE(),$L94=FALSE(),$Q94=FALSE()),COUNTIFS($M$3:$M94,TRUE(),$L$3:$L94,FALSE(),$Q$3:$Q94,FALSE()),"") | T94: =IF($B94="","",IF($Q94=TRUE(),"U1",IF($L94=TRUE(),"S1",IF($M94=TRUE(),"D"&MIN(4,INT(($S94-1)/DisplayCapacity)+1),IF($N94=TRUE(),"K1",IF($O94=TRUE(),"P1",IF($P94=TRUE(),"U1",IF($R94=TRUE(),"U1","W")))))))) -> W | U94: =IF($T94="","",$T94&"-"&COUNTIF($T$3:T94,$T94)) -> W-50 | V94: =IF($B94="","",_xlfn.TEXTJOIN(" | ",TRUE(),IF($Q94=TRUE(),"Empty box - no physical device, verify status",""),IF(AND($P94=TRUE(),$L94=FALSE(),$M94=FALSE(),$N94=FALSE(),$O94=FALSE(),$Q94=FALSE()),"Speaker fault only - needs manual box assignment",""),IF(AND($R94=TRUE(),$L94=FALSE(),$M94=FALSE(),$N94=FALSE(),$O94=FALSE(),$P94=FALSE(),$Q94=FALSE()),"No fault detail given - needs technician inspection",""),IF(AND(COUNTIF($F$3:$F$252,$F94)>1,LOWER(TRIM($F94))<>"empty"),"Duplicate Serial No - verify device identity",""),IF((--$L94+--$M94+--$N94+--$O94+--$P94)>1,"Multiple fault types detected - review full details before repair",""))) | W94: 0
A95: 93 | B95: 46244.656 | C95: TX628 | D95: =IF($B95="","",IFERROR(VLOOKUP(TRIM($C95),ModelMap,2,FALSE()),TRIM($C95))) -> TX628 | E95: Delpe | F95: AEYW092380606 | G95: Working | J95: Colour | K95: =IF($B95="","",LOWER(TRIM($G95)&" | "&TRIM($H95)&" | "&TRIM($I95))) -> working | | | L95: =IF($B95="","",SUMPRODUCT(--ISNUMBER(SEARCH(SensorKW,$K95)))>0) -> FALSE | M95: =IF($B95="","",SUMPRODUCT(--ISNUMBER(SEARCH(DisplayKW,$K95)))>0) -> FALSE | N95: =IF($B95="","",SUMPRODUCT(--ISNUMBER(SEARCH(KeypadKW,$K95)))>0) -> FALSE | O95: =IF($B95="","",SUMPRODUCT(--ISNUMBER(SEARCH(PowerKW,$K95)))>0) -> FALSE | P95: =IF($B95="","",SUMPRODUCT(--ISNUMBER(SEARCH(SpeakerKW,$K95)))>0) -> FALSE | Q95: =IF($B95="","",OR(SUMPRODUCT(--ISNUMBER(SEARCH(EmptyKW,$K95)))>0,LOWER(TRIM($F95))="empty")) -> FALSE | R95: =IF($B95="","",OR(ISNUMBER(SEARCH("repair",$G95)),ISNUMBER(SEARCH("not working",$G95)))) -> FALSE | S95: =IF(AND($B95<>"",$M95=TRUE(),$L95=FALSE(),$Q95=FALSE()),COUNTIFS($M$3:$M95,TRUE(),$L$3:$L95,FALSE(),$Q$3:$Q95,FALSE()),"") | T95: =IF($B95="","",IF($Q95=TRUE(),"U1",IF($L95=TRUE(),"S1",IF($M95=TRUE(),"D"&MIN(4,INT(($S95-1)/DisplayCapacity)+1),IF($N95=TRUE(),"K1",IF($O95=TRUE(),"P1",IF($P95=TRUE(),"U1",IF($R95=TRUE(),"U1","W")))))))) -> W | U95: =IF($T95="","",$T95&"-"&COUNTIF($T$3:T95,$T95)) -> W-51 | V95: =IF($B95="","",_xlfn.TEXTJOIN(" | ",TRUE(),IF($Q95=TRUE(),"Empty box - no physical device, verify status",""),IF(AND($P95=TRUE(),$L95=FALSE(),$M95=FALSE(),$N95=FALSE(),$O95=FALSE(),$Q95=FALSE()),"Speaker fault only - needs manual box assignment",""),IF(AND($R95=TRUE(),$L95=FALSE(),$M95=FALSE(),$N95=FALSE(),$O95=FALSE(),$P95=FALSE(),$Q95=FALSE()),"No fault detail given - needs technician inspection",""),IF(AND(COUNTIF($F$3:$F$252,$F95)>1,LOWER(TRIM($F95))<>"empty"),"Duplicate Serial No - verify device identity",""),IF((--$L95+--$M95+--$N95+--$O95+--$P95)>1,"Multiple fault types detected - review full details before repair",""))) | W95: 0
A96: 94 | B96: 46244.659 | C96: X628 | D96: =IF($B96="","",IFERROR(VLOOKUP(TRIM($C96),ModelMap,2,FALSE()),TRIM($C96))) -> X628 | E96: kottawa 03 | F96: OLK609001608170 | G96: Working | J96: Black & White | K96: =IF($B96="","",LOWER(TRIM($G96)&" | "&TRIM($H96)&" | "&TRIM($I96))) -> working | | | L96: =IF($B96="","",SUMPRODUCT(--ISNUMBER(SEARCH(SensorKW,$K96)))>0) -> FALSE | M96: =IF($B96="","",SUMPRODUCT(--ISNUMBER(SEARCH(DisplayKW,$K96)))>0) -> FALSE | N96: =IF($B96="","",SUMPRODUCT(--ISNUMBER(SEARCH(KeypadKW,$K96)))>0) -> FALSE | O96: =IF($B96="","",SUMPRODUCT(--ISNUMBER(SEARCH(PowerKW,$K96)))>0) -> FALSE | P96: =IF($B96="","",SUMPRODUCT(--ISNUMBER(SEARCH(SpeakerKW,$K96)))>0) -> FALSE | Q96: =IF($B96="","",OR(SUMPRODUCT(--ISNUMBER(SEARCH(EmptyKW,$K96)))>0,LOWER(TRIM($F96))="empty")) -> FALSE | R96: =IF($B96="","",OR(ISNUMBER(SEARCH("repair",$G96)),ISNUMBER(SEARCH("not working",$G96)))) -> FALSE | S96: =IF(AND($B96<>"",$M96=TRUE(),$L96=FALSE(),$Q96=FALSE()),COUNTIFS($M$3:$M96,TRUE(),$L$3:$L96,FALSE(),$Q$3:$Q96,FALSE()),"") | T96: =IF($B96="","",IF($Q96=TRUE(),"U1",IF($L96=TRUE(),"S1",IF($M96=TRUE(),"D"&MIN(4,INT(($S96-1)/DisplayCapacity)+1),IF($N96=TRUE(),"K1",IF($O96=TRUE(),"P1",IF($P96=TRUE(),"U1",IF($R96=TRUE(),"U1","W")))))))) -> W | U96: =IF($T96="","",$T96&"-"&COUNTIF($T$3:T96,$T96)) -> W-52 | V96: =IF($B96="","",_xlfn.TEXTJOIN(" | ",TRUE(),IF($Q96=TRUE(),"Empty box - no physical device, verify status",""),IF(AND($P96=TRUE(),$L96=FALSE(),$M96=FALSE(),$N96=FALSE(),$O96=FALSE(),$Q96=FALSE()),"Speaker fault only - needs manual box assignment",""),IF(AND($R96=TRUE(),$L96=FALSE(),$M96=FALSE(),$N96=FALSE(),$O96=FALSE(),$P96=FALSE(),$Q96=FALSE()),"No fault detail given - needs technician inspection",""),IF(AND(COUNTIF($F$3:$F$252,$F96)>1,LOWER(TRIM($F96))<>"empty"),"Duplicate Serial No - verify device identity",""),IF((--$L96+--$M96+--$N96+--$O96+--$P96)>1,"Multiple fault types detected - review full details before repair",""))) -> Duplicate Serial No - verify device identity | W96: 0
A97: 95 | B97: 46244.661 | C97: TX628 | D97: =IF($B97="","",IFERROR(VLOOKUP(TRIM($C97),ModelMap,2,FALSE()),TRIM($C97))) -> TX628 | E97: Kaduwela | F97: 6160062164902 | G97: Working | J97: Colour | K97: =IF($B97="","",LOWER(TRIM($G97)&" | "&TRIM($H97)&" | "&TRIM($I97))) -> working | | | L97: =IF($B97="","",SUMPRODUCT(--ISNUMBER(SEARCH(SensorKW,$K97)))>0) -> FALSE | M97: =IF($B97="","",SUMPRODUCT(--ISNUMBER(SEARCH(DisplayKW,$K97)))>0) -> FALSE | N97: =IF($B97="","",SUMPRODUCT(--ISNUMBER(SEARCH(KeypadKW,$K97)))>0) -> FALSE | O97: =IF($B97="","",SUMPRODUCT(--ISNUMBER(SEARCH(PowerKW,$K97)))>0) -> FALSE | P97: =IF($B97="","",SUMPRODUCT(--ISNUMBER(SEARCH(SpeakerKW,$K97)))>0) -> FALSE | Q97: =IF($B97="","",OR(SUMPRODUCT(--ISNUMBER(SEARCH(EmptyKW,$K97)))>0,LOWER(TRIM($F97))="empty")) -> FALSE | R97: =IF($B97="","",OR(ISNUMBER(SEARCH("repair",$G97)),ISNUMBER(SEARCH("not working",$G97)))) -> FALSE | S97: =IF(AND($B97<>"",$M97=TRUE(),$L97=FALSE(),$Q97=FALSE()),COUNTIFS($M$3:$M97,TRUE(),$L$3:$L97,FALSE(),$Q$3:$Q97,FALSE()),"") | T97: =IF($B97="","",IF($Q97=TRUE(),"U1",IF($L97=TRUE(),"S1",IF($M97=TRUE(),"D"&MIN(4,INT(($S97-1)/DisplayCapacity)+1),IF($N97=TRUE(),"K1",IF($O97=TRUE(),"P1",IF($P97=TRUE(),"U1",IF($R97=TRUE(),"U1","W")))))))) -> W | U97: =IF($T97="","",$T97&"-"&COUNTIF($T$3:T97,$T97)) -> W-53 | V97: =IF($B97="","",_xlfn.TEXTJOIN(" | ",TRUE(),IF($Q97=TRUE(),"Empty box - no physical device, verify status",""),IF(AND($P97=TRUE(),$L97=FALSE(),$M97=FALSE(),$N97=FALSE(),$O97=FALSE(),$Q97=FALSE()),"Speaker fault only - needs manual box assignment",""),IF(AND($R97=TRUE(),$L97=FALSE(),$M97=FALSE(),$N97=FALSE(),$O97=FALSE(),$P97=FALSE(),$Q97=FALSE()),"No fault detail given - needs technician inspection",""),IF(AND(COUNTIF($F$3:$F$252,$F97)>1,LOWER(TRIM($F97))<>"empty"),"Duplicate Serial No - verify device identity",""),IF((--$L97+--$M97+--$N97+--$O97+--$P97)>1,"Multiple fault types detected - review full details before repair",""))) | W97: 0
A98: 96 | B98: 46244.662 | C98: X-628 | D98: =IF($B98="","",IFERROR(VLOOKUP(TRIM($C98),ModelMap,2,FALSE()),TRIM($C98))) -> X628 | E98: Moratuwa 03 | F98: 6006171200009 | G98: Working | J98: Black & White | K98: =IF($B98="","",LOWER(TRIM($G98)&" | "&TRIM($H98)&" | "&TRIM($I98))) -> working | | | L98: =IF($B98="","",SUMPRODUCT(--ISNUMBER(SEARCH(SensorKW,$K98)))>0) -> FALSE | M98: =IF($B98="","",SUMPRODUCT(--ISNUMBER(SEARCH(DisplayKW,$K98)))>0) -> FALSE | N98: =IF($B98="","",SUMPRODUCT(--ISNUMBER(SEARCH(KeypadKW,$K98)))>0) -> FALSE | O98: =IF($B98="","",SUMPRODUCT(--ISNUMBER(SEARCH(PowerKW,$K98)))>0) -> FALSE | P98: =IF($B98="","",SUMPRODUCT(--ISNUMBER(SEARCH(SpeakerKW,$K98)))>0) -> FALSE | Q98: =IF($B98="","",OR(SUMPRODUCT(--ISNUMBER(SEARCH(EmptyKW,$K98)))>0,LOWER(TRIM($F98))="empty")) -> FALSE | R98: =IF($B98="","",OR(ISNUMBER(SEARCH("repair",$G98)),ISNUMBER(SEARCH("not working",$G98)))) -> FALSE | S98: =IF(AND($B98<>"",$M98=TRUE(),$L98=FALSE(),$Q98=FALSE()),COUNTIFS($M$3:$M98,TRUE(),$L$3:$L98,FALSE(),$Q$3:$Q98,FALSE()),"") | T98: =IF($B98="","",IF($Q98=TRUE(),"U1",IF($L98=TRUE(),"S1",IF($M98=TRUE(),"D"&MIN(4,INT(($S98-1)/DisplayCapacity)+1),IF($N98=TRUE(),"K1",IF($O98=TRUE(),"P1",IF($P98=TRUE(),"U1",IF($R98=TRUE(),"U1","W")))))))) -> W | U98: =IF($T98="","",$T98&"-"&COUNTIF($T$3:T98,$T98)) -> W-54 | V98: =IF($B98="","",_xlfn.TEXTJOIN(" | ",TRUE(),IF($Q98=TRUE(),"Empty box - no physical device, verify status",""),IF(AND($P98=TRUE(),$L98=FALSE(),$M98=FALSE(),$N98=FALSE(),$O98=FALSE(),$Q98=FALSE()),"Speaker fault only - needs manual box assignment",""),IF(AND($R98=TRUE(),$L98=FALSE(),$M98=FALSE(),$N98=FALSE(),$O98=FALSE(),$P98=FALSE(),$Q98=FALSE()),"No fault detail given - needs technician inspection",""),IF(AND(COUNTIF($F$3:$F$252,$F98)>1,LOWER(TRIM($F98))<>"empty"),"Duplicate Serial No - verify device identity",""),IF((--$L98+--$M98+--$N98+--$O98+--$P98)>1,"Multiple fault types detected - review full details before repair",""))) | W98: 0
